player,position,age,team,games,games started,minutes player,field goals per game,field goal attempts per game,field goal percentage,3-point field goals per game,3-point field goal attempted per game,3-point goal percentage,2-point field goals per game,2-point field goals attempted per game,2-point field goal percentage,effective field goal percentage,free throws per game,free throw attempts per game,free throw percentage,offensive rebounds per game,defensive rebounds per game,total rebounds per game,assists per game,steals per game,blocks per game,turnovers per game,personal fouls per game,points per game,3 point attempt rate,assist percentage,block percentage,box plus minus,defensive box plus minux,defensive rebound percentage,defensive win shares,free throw attempt rate,offensive box plus minux,offensive rebound percentage,offensive win shares,player efficiency rating,steal percentage,turnover percentage,total rebound percentage,true shooting percentage,usage percentage,value over replacement player,win shares,win shares per 48 minutes,rating
Malik Allen,PF,25,MIA,45,6,13.7,1.8,4.4,0.419,0.0,0.0,,1.8,4.4,0.419,0.419,0.6,0.7,0.758,0.9,1.7,2.6,0.4,0.3,0.6,0.6,1.8,4.2,0.0,4.7,3.6,-4.6,0.2,14.7,0.8,0.167,-4.7,7.9,-0.1,10.5,1.1,11.3,11.3,0.449,18.3,-0.4,0.7,0.051,70
Ray Allen,SG,28,SEA,56,56,38.4,8.0,18.2,0.44,2.6,6.8,0.392,5.3,11.4,0.468,0.512,4.4,4.8,0.904,1.2,3.9,5.1,4.8,1.3,0.2,2.8,2.4,23.0,0.372,23.3,0.4,4.0,-1.8,11.8,0.4,0.266,5.9,3.8,6.5,21.7,1.8,12.1,7.8,0.566,27.8,3.3,6.9,0.153,92
Rafer Alston,PG,27,MIA,82,28,31.5,3.5,9.3,0.376,2.0,5.3,0.371,1.5,4.0,0.382,0.481,1.3,1.6,0.769,0.3,2.4,2.8,4.5,1.4,0.2,1.6,2.6,10.2,0.568,24.9,0.6,1.2,-0.4,9.1,2.8,0.175,1.6,1.2,3.1,13.7,2.4,13.5,5.1,0.509,17.3,2.1,5.9,0.11,79
Chris Andersen,PF,25,DEN,71,0,14.5,1.3,2.9,0.443,0.0,0.0,0.0,1.3,2.8,0.446,0.443,0.9,1.5,0.589,1.3,2.9,4.2,0.5,0.5,1.6,0.7,1.7,3.4,0.005,5.1,7.8,0.5,4.2,23.3,1.9,0.527,-3.7,9.6,0.5,14.4,1.7,16.1,16.3,0.486,12.7,0.7,2.4,0.111,71
Derek Anderson,SG,29,POR,51,46,35.5,4.5,12.0,0.376,1.5,5.1,0.305,3.0,6.9,0.428,0.44,3.0,3.7,0.824,0.5,3.1,3.6,4.5,1.3,0.1,1.8,1.5,13.6,0.423,21.1,0.1,0.3,-1.6,10.2,0.9,0.307,1.9,1.7,2.7,15.1,2.0,11.5,6.0,0.499,20.5,1.1,3.6,0.097,78
Kenny Anderson,PG,33,IND,44,31,20.6,2.6,5.8,0.441,0.0,0.1,0.25,2.5,5.7,0.444,0.443,0.8,1.1,0.729,0.4,1.4,1.8,2.8,0.6,0.1,1.1,1.7,6.0,0.016,24.2,0.4,-2.6,-0.4,8.2,1.1,0.188,-2.3,2.5,0.4,11.1,1.6,15.3,5.3,0.473,17.1,-0.1,1.5,0.079,72
Shandon Anderson,SG,30,NYK,80,37,24.7,3.0,7.1,0.422,0.5,1.6,0.281,2.5,5.5,0.463,0.454,1.5,2.0,0.764,0.7,2.1,2.8,1.5,0.9,0.2,1.5,2.3,7.9,0.227,10.2,0.7,-1.7,-0.1,9.7,1.5,0.285,-1.6,3.1,0.2,10.1,1.8,15.7,6.5,0.5,17.7,0.1,1.7,0.042,70
Carmelo Anthony,SF,19,DEN,82,82,36.5,7.6,17.9,0.426,0.8,2.6,0.322,6.8,15.3,0.444,0.449,5.0,6.4,0.777,2.2,3.8,6.1,2.8,1.2,0.5,3.0,2.7,21.0,0.146,13.8,1.0,0.1,-1.2,12.1,2.4,0.358,1.2,6.8,3.7,17.6,1.7,12.7,9.4,0.509,28.5,1.6,6.1,0.098,85
Gilbert Arenas,PG,22,WAS,55,52,37.6,6.5,16.6,0.392,2.3,6.1,0.375,4.2,10.6,0.401,0.46,4.3,5.8,0.748,1.0,3.6,4.6,5.0,1.9,0.2,4.1,3.2,19.6,0.364,25.5,0.4,1.1,-1.1,11.1,1.5,0.347,2.1,2.9,1.1,16.0,2.6,17.7,6.9,0.512,27.4,1.6,2.6,0.061,86
Darrell Armstrong,PG,35,NOH,79,22,28.4,3.7,9.3,0.395,1.7,5.4,0.315,2.0,3.9,0.508,0.487,1.6,1.8,0.854,0.8,2.1,2.9,3.9,1.7,0.2,2.0,1.9,10.6,0.583,24.3,0.5,1.9,-0.3,8.5,2.5,0.196,2.3,3.1,2.8,15.6,3.2,16.2,5.7,0.525,19.4,2.2,5.3,0.114,75
Carlos Arroyo,PG,24,UTA,71,71,28.3,4.8,10.8,0.441,0.5,1.6,0.325,4.2,9.2,0.462,0.466,2.5,3.2,0.804,0.6,2.0,2.6,5.0,0.9,0.1,2.2,2.3,12.6,0.152,34.6,0.2,-0.3,-2.5,9.0,1.2,0.293,2.2,2.5,3.5,16.8,1.7,15.2,5.7,0.517,23.7,0.9,4.7,0.112,74
Chucky Atkins,PG,29,BOS,24,24,33.0,4.3,10.4,0.418,1.6,4.6,0.351,2.7,5.8,0.471,0.496,1.8,2.3,0.778,0.1,1.8,1.9,5.3,1.1,0.0,1.8,1.8,12.0,0.446,27.3,0.1,-2.3,-3.2,5.9,0.3,0.217,0.9,0.4,1.2,14.0,1.7,13.9,3.2,0.53,18.2,-0.1,1.5,0.091,73
Stacey Augmon,SF,35,NOH,69,24,20.5,2.1,5.0,0.412,0.0,0.1,0.143,2.1,4.9,0.418,0.414,1.6,2.0,0.791,0.8,1.8,2.5,1.2,0.8,0.2,1.1,1.7,5.8,0.02,10.0,0.8,-3.3,0.2,10.1,1.3,0.401,-3.5,4.1,0.4,10.0,2.1,15.7,7.0,0.486,15.6,-0.5,1.6,0.056,68
Vin Baker,PF,32,NYK,17,0,18.4,2.4,5.8,0.404,0.1,0.1,0.5,2.3,5.7,0.402,0.409,1.9,2.6,0.711,2.1,2.0,4.1,0.7,0.4,0.5,1.5,3.6,6.6,0.02,6.4,2.2,-3.2,-0.6,12.4,0.3,0.455,-2.6,13.5,0.0,10.5,1.2,17.4,12.9,0.476,21.3,-0.1,0.3,0.043,71
Marcus Banks,PG,22,BOS,81,2,17.1,2.2,5.5,0.4,0.3,1.1,0.314,1.9,4.4,0.421,0.431,1.2,1.6,0.756,0.4,1.3,1.6,2.2,1.1,0.2,1.5,2.1,5.9,0.195,21.3,0.7,-3.3,-0.5,8.4,1.4,0.296,-2.8,2.5,-0.6,11.0,3.3,20.0,5.5,0.48,20.5,-0.5,0.7,0.026,74
Matt Barnes,SF,23,LAC,38,9,19.1,1.7,3.6,0.457,0.1,0.3,0.154,1.6,3.3,0.488,0.464,1.1,1.6,0.705,1.4,2.6,4.0,1.3,0.7,0.1,1.2,2.0,4.5,0.094,10.6,0.3,-1.6,-0.2,15.5,0.3,0.442,-1.4,8.3,0.4,10.6,2.0,21.1,11.9,0.519,12.8,0.1,0.7,0.045,68
Brent Barry,SG,32,SEA,59,53,30.6,3.6,7.2,0.504,1.9,4.3,0.452,1.7,3.0,0.577,0.637,1.5,1.9,0.827,0.4,3.1,3.5,5.8,1.4,0.3,2.4,2.1,10.8,0.59,30.5,0.7,2.9,-1.0,11.9,0.7,0.258,3.9,1.4,4.9,18.3,2.5,22.6,6.7,0.668,15.8,2.3,5.7,0.151,81
Jon Barry,SG,34,DEN,57,9,19.3,2.1,5.2,0.404,0.9,2.4,0.37,1.2,2.8,0.434,0.49,1.1,1.2,0.845,0.4,1.7,2.2,2.6,1.0,0.1,0.9,1.2,6.2,0.465,20.6,0.5,0.7,-0.5,10.2,1.1,0.239,1.2,2.5,1.7,14.6,2.7,13.9,6.3,0.535,15.2,0.7,2.8,0.122,76
Mengke Bateer,C,28,TOR,7,0,5.7,0.6,1.0,0.571,0.0,0.0,,0.6,1.0,0.571,0.571,0.0,0.0,,0.7,0.4,1.1,0.1,0.1,0.0,0.3,1.4,1.1,0.0,4.4,0.0,-3.2,-0.5,8.7,0.0,0.0,-2.7,14.3,0.0,7.2,1.4,22.2,11.5,0.571,10.9,0.0,0.1,0.09,59
Tony Battie,C,27,CLE,50,1,19.5,2.3,5.3,0.427,0.0,0.2,0.125,2.3,5.2,0.436,0.429,0.9,1.1,0.768,1.6,3.2,4.8,0.7,0.4,0.9,0.8,2.1,5.4,0.03,6.1,3.4,-2.5,0.4,18.3,1.0,0.21,-2.9,8.9,0.4,12.0,1.0,11.8,13.6,0.466,15.2,-0.1,1.4,0.07,69
Shane Battier,SF,25,MEM,79,1,24.6,3.1,6.9,0.446,0.8,2.4,0.349,2.2,4.5,0.496,0.506,1.5,2.1,0.732,1.3,2.5,3.8,1.3,1.3,0.7,0.7,2.4,8.5,0.343,8.4,2.2,3.3,1.6,11.8,2.3,0.302,1.7,5.9,3.5,15.3,2.7,8.3,8.8,0.544,15.5,2.6,5.9,0.145,79
Lonny Baxter,PF,25,WAS,12,0,11.0,1.3,2.7,0.5,0.0,0.1,0.0,1.3,2.6,0.516,0.5,0.8,1.0,0.75,0.9,1.7,2.6,0.4,0.2,0.4,0.4,1.9,3.4,0.031,6.6,2.7,-2.9,-0.7,17.5,0.1,0.375,-2.1,9.1,0.2,12.9,0.8,11.8,13.2,0.55,14.2,0.0,0.3,0.116,64
Jerome Beasley,PF,23,MIA,2,0,2.5,0.5,1.5,0.333,0.0,0.0,,0.5,1.5,0.333,0.333,0.0,0.0,,0.0,0.5,0.5,0.0,0.0,0.0,0.0,0.0,1.0,0.0,0.0,0.0,-22.4,-9.3,23.6,0.0,0.0,-13.2,0.0,0.0,5.9,0.0,0.0,11.7,0.333,28.2,0.0,0.0,-0.117,64
Raja Bell,SG,27,UTA,82,4,24.6,4.0,9.8,0.409,0.8,2.0,0.373,3.3,7.8,0.418,0.447,2.4,3.0,0.786,0.7,2.2,2.9,1.3,0.8,0.2,1.4,3.2,11.2,0.206,10.2,0.5,-2.5,-2.2,11.3,1.5,0.308,-0.3,3.6,2.2,12.7,1.7,10.8,7.4,0.5,23.6,-0.3,3.7,0.088,73
Raja Bell,SG,27,UTA,82,4,24.6,4.0,9.8,0.409,0.8,2.0,0.373,3.3,7.8,0.418,0.447,2.4,3.0,0.786,0.7,2.2,2.9,1.3,0.8,0.2,1.4,3.2,11.2,0.206,10.2,0.5,-2.5,-2.2,11.3,1.5,0.308,-0.3,3.6,2.2,12.7,1.7,10.8,7.4,0.5,23.6,-0.3,3.7,0.088,59
Troy Bell,PG,23,MEM,6,0,5.7,0.7,3.0,0.222,0.0,0.7,0.0,0.7,2.3,0.286,0.222,0.5,0.5,1.0,0.5,0.2,0.7,0.7,0.2,0.0,1.0,1.0,1.8,0.222,18.7,0.0,-14.4,-3.9,3.4,0.0,0.167,-10.4,9.9,-0.2,-4.5,1.5,23.7,6.6,0.285,33.5,-0.1,-0.2,-0.326,70
Jonathan Bender,SF,23,IND,21,0,12.9,2.4,5.0,0.472,0.4,1.0,0.409,2.0,4.0,0.488,0.514,1.9,2.2,0.83,0.4,1.5,1.9,0.4,0.2,0.5,1.6,1.1,7.0,0.208,6.5,3.1,-3.8,-1.0,13.7,0.4,0.443,-2.9,3.9,0.1,15.7,1.0,20.7,8.7,0.584,27.8,-0.1,0.5,0.087,73
Travis Best,PG,31,DAL,61,1,12.5,1.0,2.8,0.372,0.0,0.3,0.15,1.0,2.5,0.401,0.381,0.7,0.8,0.87,0.3,0.8,1.1,1.8,0.5,0.1,0.5,1.1,2.8,0.116,19.5,0.4,-3.4,-1.6,7.5,0.2,0.267,-1.8,2.4,0.5,10.1,2.1,14.7,4.9,0.445,12.9,-0.3,0.7,0.044,73
Mike Bibby,PG,25,SAC,82,82,36.3,6.4,14.3,0.45,1.8,4.6,0.392,4.6,9.7,0.479,0.514,3.7,4.5,0.815,0.8,2.6,3.4,5.4,1.4,0.2,2.1,1.8,18.4,0.323,24.5,0.4,2.1,-1.9,7.8,1.3,0.319,4.0,2.6,8.0,19.3,1.9,11.6,5.3,0.564,22.9,3.1,9.3,0.151,88
Chauncey Billups,PG,27,DET,78,78,35.4,5.0,12.8,0.394,1.7,4.3,0.388,3.4,8.5,0.396,0.459,5.2,5.9,0.878,0.4,3.1,3.5,5.7,1.1,0.1,2.4,2.3,16.9,0.336,29.3,0.2,3.4,-0.5,10.0,4.2,0.462,3.9,1.5,7.1,18.6,1.7,13.6,5.8,0.55,23.5,3.7,11.3,0.198,85
Steve Blake,PG,23,WAS,75,14,18.6,2.1,5.4,0.386,1.0,2.7,0.371,1.1,2.7,0.4,0.478,0.7,0.9,0.821,0.2,1.3,1.6,2.8,0.8,0.1,1.7,1.3,5.9,0.496,25.8,0.4,-4.0,-2.6,8.2,0.7,0.165,-1.4,1.4,0.1,10.9,2.1,22.7,4.7,0.509,17.9,-0.7,0.7,0.026,69
Mark Blount,C,28,BOS,82,73,29.3,4.2,7.4,0.566,0.0,0.0,,4.2,7.4,0.566,0.566,1.9,2.7,0.719,2.5,4.7,7.2,0.9,1.0,1.3,1.8,3.1,10.3,0.0,5.4,3.4,0.8,1.6,17.9,2.9,0.366,-0.7,10.1,3.7,16.0,1.7,17.6,14.0,0.601,16.1,1.7,6.5,0.131,76
Keith Bogans,SF,23,ORL,73,36,24.5,2.5,6.2,0.403,0.9,2.6,0.358,1.6,3.7,0.434,0.477,0.9,1.4,0.631,1.5,2.9,4.3,1.3,0.6,0.1,1.0,1.8,6.8,0.412,8.7,0.4,-1.9,-1.7,13.7,0.0,0.227,-0.3,6.6,1.3,11.0,1.4,13.1,10.1,0.499,14.5,0.0,1.3,0.034,72
Calvin Booth,C,27,SEA,71,35,17.0,1.9,4.1,0.466,0.0,0.0,0.0,1.9,4.1,0.469,0.466,1.1,1.3,0.798,1.2,2.7,3.9,0.4,0.2,1.4,0.6,2.1,4.9,0.007,3.7,6.3,-1.6,1.3,18.8,0.9,0.324,-2.9,8.5,1.3,13.6,0.8,12.0,13.7,0.521,14.4,0.1,2.2,0.088,65
Carlos Boozer,PF,22,CLE,75,75,34.6,6.3,12.0,0.523,0.0,0.1,0.167,6.3,11.9,0.526,0.524,2.9,3.8,0.768,3.1,8.4,11.4,2.0,1.0,0.7,1.8,2.7,15.5,0.007,10.3,1.5,2.3,0.7,26.8,3.4,0.317,1.6,9.8,6.1,20.8,1.5,11.6,18.3,0.567,20.0,2.8,9.4,0.174,81
Curtis Borchardt,C,23,UTA,16,0,16.1,1.4,3.5,0.393,0.0,0.1,0.0,1.4,3.4,0.4,0.393,0.9,1.1,0.778,0.8,2.6,3.4,0.9,0.3,0.9,1.1,2.5,3.6,0.018,9.8,4.6,-3.2,1.8,20.0,0.3,0.321,-5.0,6.2,-0.2,7.9,0.9,22.0,13.0,0.454,14.8,-0.1,0.1,0.026,67
Chris Bosh,C,19,TOR,75,63,33.5,4.4,9.5,0.459,0.1,0.2,0.357,4.3,9.3,0.461,0.463,2.7,3.8,0.701,2.5,4.9,7.4,1.0,0.8,1.4,1.4,2.9,11.5,0.02,5.8,3.1,-0.3,1.7,16.9,3.8,0.404,-2.0,8.7,2.5,15.1,1.3,11.3,12.8,0.513,18.3,1.1,6.2,0.119,80
Bruce Bowen,SF,32,SAS,82,82,32.0,2.6,6.1,0.42,0.9,2.6,0.363,1.6,3.5,0.462,0.497,0.8,1.4,0.579,0.5,2.5,3.1,1.4,1.0,0.4,1.1,2.0,6.9,0.422,6.7,0.9,1.0,2.5,8.8,4.6,0.227,-1.5,1.9,0.8,8.2,1.7,14.0,5.4,0.512,11.3,2.0,5.4,0.098,75
Ryan Bowen,PF,28,DEN,52,1,7.5,0.3,1.0,0.34,0.0,0.0,,0.3,1.0,0.34,0.34,0.2,0.2,0.833,0.8,0.9,1.7,0.3,0.3,0.3,0.1,0.9,0.9,0.0,6.4,2.9,0.3,2.6,14.0,0.5,0.226,-2.3,11.1,0.3,9.9,2.4,9.3,12.5,0.395,7.2,0.2,0.8,0.097,69
Earl Boykins,SG,27,DEN,82,3,22.5,3.9,9.3,0.419,0.7,2.1,0.322,3.2,7.3,0.447,0.455,1.7,2.0,0.877,0.5,1.2,1.7,3.6,0.6,0.0,1.2,1.0,10.2,0.223,27.3,0.1,-2.0,-3.4,6.3,0.8,0.211,1.4,2.5,3.3,16.2,1.4,10.7,4.4,0.501,22.2,0.0,4.1,0.105,78
Michael Bradley,C,24,ATL,11,1,5.5,0.5,1.1,0.5,0.0,0.0,,0.5,1.1,0.5,0.5,0.0,0.0,,0.5,0.6,1.1,0.0,0.2,0.0,0.4,0.7,1.1,0.0,0.0,0.0,-10.2,-4.0,13.1,0.0,0.0,-6.2,9.5,0.0,5.8,1.8,25.0,11.3,0.5,12.1,-0.1,0.0,-0.012,63
Shawn Bradley,C,31,DAL,66,5,11.7,1.3,2.8,0.473,0.0,0.0,0.0,1.3,2.8,0.476,0.473,0.6,0.7,0.837,1.1,1.5,2.6,0.3,0.5,1.1,0.3,2.0,3.3,0.005,3.6,7.1,2.2,2.7,14.6,0.9,0.261,-0.6,9.9,1.5,15.6,2.2,7.5,12.2,0.523,12.8,0.8,2.3,0.145,66
Elton Brand,PF,24,LAC,69,68,38.7,7.0,14.2,0.493,0.0,0.0,0.0,7.0,14.2,0.493,0.493,6.0,7.7,0.773,3.9,6.4,10.3,3.3,0.9,2.2,2.8,3.3,20.0,0.001,16.0,4.2,5.1,1.5,19.1,1.8,0.542,3.6,11.4,7.9,23.2,1.3,13.7,15.2,0.567,23.4,4.8,9.7,0.174,87
Jamison Brewer,PG,23,IND,13,1,12.3,1.0,2.7,0.371,0.4,1.1,0.357,0.6,1.6,0.381,0.443,0.1,0.5,0.167,0.2,0.7,0.8,1.3,0.5,0.0,0.8,0.7,2.5,0.4,17.3,0.0,-4.1,-0.2,6.7,0.2,0.171,-3.9,1.5,-0.2,6.6,2.4,21.0,4.1,0.425,14.1,-0.1,0.0,0.014,63
Primoz Brezec,C,24,IND,18,0,4.0,0.7,1.4,0.462,0.0,0.0,,0.7,1.4,0.462,0.462,0.2,0.3,0.667,0.3,0.6,0.8,0.2,0.0,0.2,0.3,0.7,1.6,0.0,7.9,3.2,-6.1,-0.8,16.6,0.1,0.231,-5.4,8.1,0.0,9.7,0.0,17.3,12.3,0.489,22.7,-0.1,0.1,0.04,71
Devin Brown,SG,25,SAS,58,0,10.8,1.5,3.4,0.434,0.1,0.2,0.286,1.4,3.1,0.445,0.444,1.0,1.3,0.811,0.7,1.6,2.2,0.6,0.3,0.1,0.7,1.1,4.0,0.071,9.0,0.5,-2.4,0.3,16.2,1.2,0.378,-2.7,6.9,0.5,13.1,1.3,14.3,11.6,0.512,19.7,-0.1,1.7,0.133,73
Kedrick Brown,SF,22,CLE,34,16,16.5,2.1,4.6,0.465,0.8,2.0,0.388,1.4,2.6,0.523,0.548,0.3,0.4,0.643,0.7,1.6,2.3,1.1,0.4,0.1,0.5,1.2,5.3,0.432,11.4,0.6,-0.9,-1.8,10.8,0.3,0.09,0.9,4.5,0.9,13.0,1.2,9.5,7.7,0.555,14.2,0.2,1.2,0.103,68
Kwame Brown,PF,21,WAS,74,57,30.3,3.9,8.0,0.489,0.0,0.0,0.5,3.9,7.9,0.489,0.49,3.1,4.5,0.683,2.4,5.0,7.4,1.5,0.9,0.7,1.9,1.9,10.9,0.003,8.8,1.7,-0.5,0.5,19.2,2.0,0.567,-1.0,8.7,2.9,15.7,1.5,16.0,13.8,0.547,17.3,0.8,4.9,0.105,71
P.J. Brown,PF,34,NOH,80,80,34.4,4.2,8.9,0.476,0.0,0.0,0.0,4.2,8.9,0.477,0.476,2.0,2.3,0.854,3.0,5.7,8.6,1.9,1.0,0.9,1.3,2.5,10.5,0.001,9.8,2.0,1.6,1.9,19.3,3.4,0.26,-0.4,9.6,4.7,15.7,1.5,11.3,14.3,0.527,14.8,2.5,8.1,0.142,76
Tierre Brown,PG,24,NOH,3,0,5.7,0.7,1.3,0.5,0.0,0.0,,0.7,1.3,0.5,0.5,0.7,1.3,0.5,0.0,0.3,0.3,0.7,0.0,0.0,2.3,0.3,2.0,0.0,20.2,0.0,-24.3,-4.7,6.9,0.0,1.0,-19.6,0.0,-0.2,-9.2,0.0,54.9,3.4,0.521,34.3,-0.1,-0.2,-0.497,67
Rick Brunson,PG,31,CHI,37,0,10.9,1.0,2.7,0.376,0.3,0.6,0.478,0.7,2.1,0.346,0.431,0.7,0.8,0.871,0.2,0.8,1.0,2.2,0.7,0.1,0.9,1.2,3.1,0.228,32.6,0.6,-3.6,-1.3,7.8,0.4,0.307,-2.3,2.4,0.2,12.9,3.2,22.4,5.0,0.497,16.4,-0.2,0.6,0.073,69
Kobe Bryant,SG,25,LAL,65,64,37.6,7.9,18.1,0.438,1.1,3.3,0.327,6.8,14.8,0.463,0.468,7.0,8.2,0.852,1.6,3.9,5.5,5.1,1.7,0.4,2.6,2.7,24.0,0.184,24.4,0.8,5.7,0.2,12.0,3.0,0.452,5.5,4.7,7.8,23.7,2.4,10.8,8.3,0.551,29.1,4.7,10.7,0.21,99
Greg Buckner,SG,27,PHI,53,3,13.3,1.2,3.3,0.377,0.2,0.8,0.273,1.0,2.5,0.412,0.411,0.4,0.5,0.741,0.5,1.4,1.9,0.8,0.4,0.1,0.6,1.5,3.1,0.251,11.0,0.4,-3.8,-0.3,12.4,0.7,0.154,-3.5,4.7,-0.3,7.4,1.6,15.4,8.6,0.439,14.8,-0.3,0.3,0.024,71
Greg Buckner,SG,27,PHI,53,3,13.3,1.2,3.3,0.377,0.2,0.8,0.273,1.0,2.5,0.412,0.411,0.4,0.5,0.741,0.5,1.4,1.9,0.8,0.4,0.1,0.6,1.5,3.1,0.251,11.0,0.4,-3.8,-0.3,12.4,0.7,0.154,-3.5,4.7,-0.3,7.4,1.6,15.4,8.6,0.439,14.8,-0.3,0.3,0.024,66
Rodney Buford,SF,26,SAC,22,0,6.4,0.9,2.5,0.339,0.0,0.1,0.0,0.9,2.5,0.352,0.339,0.1,0.3,0.5,0.3,0.4,0.7,0.3,0.3,0.0,0.2,0.4,1.9,0.036,7.6,0.5,-8.8,-2.5,7.1,0.1,0.107,-6.2,4.9,-0.3,6.2,2.2,6.4,6.0,0.35,20.1,-0.2,-0.2,-0.063,70
Caron Butler,SF,23,MIA,68,56,29.9,3.5,9.3,0.38,0.1,0.6,0.238,3.4,8.7,0.39,0.388,2.0,2.6,0.756,1.4,3.4,4.8,1.9,1.1,0.2,1.3,2.4,9.2,0.067,10.8,0.5,-2.1,0.7,13.6,2.4,0.279,-2.8,5.2,-0.2,10.7,2.0,11.4,9.4,0.44,18.5,-0.1,2.1,0.05,79
Rasual Butler,SF,24,MIA,45,0,15.0,2.6,5.6,0.476,1.1,2.4,0.463,1.5,3.2,0.486,0.576,0.4,0.5,0.762,0.1,1.3,1.4,0.5,0.2,0.3,0.6,1.6,6.8,0.432,6.6,1.5,-2.2,-2.5,10.0,0.5,0.084,0.2,0.7,1.0,14.0,0.8,9.7,5.3,0.586,20.0,0.0,1.6,0.113,70
Zarko Cabarkapa,PF,22,PHO,49,4,11.6,1.7,4.0,0.411,0.1,0.7,0.188,1.5,3.4,0.455,0.426,0.7,1.1,0.66,0.5,1.5,2.0,0.8,0.2,0.3,1.1,1.5,4.1,0.162,11.6,1.7,-6.5,-1.7,14.7,0.3,0.269,-4.8,5.2,-0.7,8.4,0.9,19.7,9.9,0.461,21.7,-0.7,-0.4,-0.037,70
Marcus Camby,C,29,DEN,72,72,30.0,3.6,7.6,0.477,0.0,0.0,0.0,3.6,7.6,0.479,0.477,1.4,1.9,0.721,2.9,7.2,10.1,1.8,1.2,2.6,1.4,3.3,8.6,0.004,9.6,6.1,4.1,4.9,27.4,4.3,0.248,-0.9,10.9,2.6,17.8,2.0,13.9,19.0,0.511,14.3,3.3,6.9,0.154,81
Elden Campbell,C,35,DET,65,27,13.7,2.1,4.8,0.439,0.0,0.0,,2.1,4.8,0.439,0.439,1.3,1.9,0.685,0.8,2.4,3.2,0.7,0.3,0.8,1.0,2.1,5.6,0.0,9.3,4.3,-1.9,1.9,20.1,2.0,0.395,-3.9,6.8,0.1,13.8,1.3,14.6,13.6,0.49,22.6,0.0,2.1,0.115,70
Brian Cardinal,PF,26,GSW,76,11,21.5,2.9,6.1,0.472,0.7,1.6,0.444,2.2,4.5,0.482,0.531,3.1,3.6,0.878,1.3,2.9,4.2,1.4,0.9,0.3,1.1,2.7,9.6,0.266,10.7,0.9,3.4,0.2,15.0,1.7,0.582,3.2,6.9,5.5,19.4,2.2,12.6,10.9,0.626,18.9,2.2,7.2,0.212,74
Anthony Carter,PG,28,SAS,5,2,17.4,2.2,7.4,0.297,0.0,0.6,0.0,2.2,6.8,0.324,0.297,0.0,0.0,,0.4,1.8,2.2,2.4,0.8,0.0,2.4,1.8,4.4,0.081,23.3,0.0,-9.5,0.6,11.4,0.2,0.0,-10.1,2.6,-0.5,0.3,2.5,24.5,7.1,0.297,26.0,-0.2,-0.3,-0.176,69
Vince Carter,SG,27,TOR,73,73,38.2,8.3,20.0,0.417,1.3,3.3,0.383,7.1,16.6,0.424,0.449,4.6,5.7,0.806,1.3,3.5,4.8,4.8,1.2,0.9,3.1,2.9,22.5,0.167,28.0,1.7,2.9,0.1,10.6,3.4,0.286,2.9,3.9,2.6,20.0,1.7,12.0,7.2,0.501,32.5,3.4,6.0,0.103,92
Sam Cassell,PG,34,MIN,81,81,35.0,7.7,15.7,0.488,0.9,2.3,0.398,6.7,13.4,0.504,0.517,3.6,4.1,0.873,0.5,2.8,3.3,7.3,1.3,0.2,2.7,3.0,19.8,0.146,38.0,0.5,4.3,-1.0,8.7,3.3,0.261,5.3,1.9,8.8,22.8,1.9,13.5,5.5,0.566,27.2,4.5,12.1,0.205,83
Kelvin Cato,PF,29,HOU,69,67,25.3,2.3,5.2,0.447,0.0,0.0,,2.3,5.2,0.447,0.447,1.4,2.1,0.676,2.2,4.6,6.8,1.0,0.8,1.4,1.2,2.9,6.1,0.0,6.9,4.2,1.2,3.8,20.5,3.5,0.394,-2.6,10.9,1.1,13.2,1.6,16.6,16.0,0.495,13.9,1.4,4.6,0.127,71
Tyson Chandler,PF,21,CHI,35,8,22.3,1.9,4.5,0.424,0.0,0.0,0.0,1.9,4.5,0.427,0.424,2.3,3.4,0.669,2.3,5.4,7.7,0.7,0.5,1.2,1.1,2.5,6.1,0.006,4.7,4.1,-2.1,1.7,27.0,1.2,0.747,-3.9,11.1,0.7,14.2,1.1,15.3,18.9,0.507,14.2,0.0,1.9,0.116,74
Tyson Chandler,PF,21,CHI,35,8,22.3,1.9,4.5,0.424,0.0,0.0,0.0,1.9,4.5,0.427,0.424,2.3,3.4,0.669,2.3,5.4,7.7,0.7,0.5,1.2,1.1,2.5,6.1,0.006,4.7,4.1,-2.1,1.7,27.0,1.2,0.747,-3.9,11.1,0.7,14.2,1.1,15.3,18.9,0.507,14.2,0.0,1.9,0.116,77
Doug Christie,SG,33,SAC,82,82,33.9,3.9,8.4,0.461,0.6,1.7,0.345,3.3,6.7,0.491,0.496,1.8,2.1,0.86,0.8,3.2,4.0,4.2,1.8,0.5,1.9,2.3,10.1,0.206,18.6,1.0,1.5,1.0,10.4,2.4,0.25,0.5,2.9,3.4,14.0,2.8,16.9,6.7,0.544,14.9,2.5,5.7,0.099,78
Keon Clark,PF,28,UTA,2,0,13.5,1.0,3.0,0.333,0.0,0.0,,1.0,3.0,0.333,0.333,0.0,0.0,,0.5,3.0,3.5,0.5,0.5,0.0,0.0,0.5,2.0,0.0,6.1,0.0,-5.5,0.0,28.0,0.0,0.0,-5.6,4.5,0.0,8.8,2.1,0.0,16.1,0.333,10.3,0.0,0.0,0.058,72
Speedy Claxton,PG,25,GSW,60,29,26.6,3.7,8.7,0.427,0.1,0.4,0.182,3.7,8.4,0.438,0.431,3.0,3.7,0.813,0.6,2.0,2.6,4.5,1.6,0.2,1.7,2.4,10.6,0.042,28.7,0.4,0.9,0.1,8.4,1.6,0.427,0.8,2.7,2.6,17.3,3.3,14.1,5.5,0.509,20.9,1.2,4.2,0.127,77
Mateen Cleaves,PG,26,CLE,4,2,23.0,1.8,5.8,0.304,0.0,0.3,0.0,1.8,5.5,0.318,0.304,0.3,0.5,0.5,0.3,1.5,1.8,4.8,1.0,0.5,1.3,3.3,3.8,0.043,31.3,1.5,-7.2,-1.9,7.2,0.1,0.087,-5.3,1.2,-0.1,6.8,2.3,17.3,4.2,0.314,14.1,-0.1,0.0,-0.024,65
Derrick Coleman,C,36,PHI,34,30,24.8,3.1,7.6,0.413,0.2,1.1,0.222,2.9,6.6,0.444,0.429,1.4,1.9,0.754,1.3,4.3,5.6,1.4,0.7,0.8,1.7,2.3,8.0,0.139,9.9,2.4,-2.0,1.3,20.3,1.2,0.251,-3.3,6.3,-0.4,11.6,1.5,16.5,13.4,0.471,19.2,0.0,0.8,0.047,73
Jason Collier,C,26,ATL,20,16,27.3,4.0,8.3,0.479,0.1,0.2,0.25,3.9,8.1,0.484,0.482,3.4,4.3,0.788,1.8,3.8,5.6,0.9,0.6,0.6,1.6,3.6,11.3,0.024,5.5,1.5,-3.0,-1.8,15.4,0.3,0.515,-1.2,7.6,0.9,14.6,1.1,13.3,11.5,0.558,19.5,-0.1,1.2,0.105,64
Jarron Collins,C,25,UTA,81,31,21.4,1.8,3.6,0.498,0.0,0.0,0.0,1.8,3.6,0.5,0.498,2.3,3.2,0.718,1.4,2.5,3.9,1.0,0.3,0.2,1.0,3.1,6.0,0.003,7.5,0.9,-1.1,-0.6,14.5,1.1,0.888,-0.5,8.3,3.1,11.1,0.8,16.1,11.3,0.587,13.1,0.4,4.2,0.117,65
Jason Collins,C,25,NJN,78,78,28.5,2.1,4.9,0.424,0.0,0.0,0.0,2.1,4.9,0.427,0.424,1.7,2.4,0.739,1.8,3.3,5.1,2.0,0.9,0.7,1.2,3.2,5.9,0.005,10.8,1.9,0.0,2.6,13.6,3.5,0.479,-2.6,7.6,1.4,10.0,1.6,17.3,10.6,0.497,11.9,1.1,4.9,0.105,68
Brian Cook,C,23,LAL,35,2,12.6,1.9,4.0,0.475,0.0,0.1,0.0,1.9,3.9,0.493,0.475,0.6,0.8,0.75,0.9,2.0,2.9,0.6,0.5,0.5,0.5,1.8,4.4,0.035,7.4,2.7,-1.1,0.9,18.2,0.7,0.199,-2.0,7.8,0.5,14.0,1.9,10.0,12.9,0.505,17.3,0.1,1.1,0.122,68
Omar Cook,PG,22,POR,17,0,8.2,0.4,1.6,0.259,0.0,0.1,0.0,0.4,1.5,0.269,0.259,0.0,0.0,,0.2,0.2,0.4,1.4,0.6,0.0,0.6,0.8,0.8,0.037,25.6,0.0,-8.3,-1.5,2.5,0.1,0.0,-6.8,2.6,-0.3,4.7,4.0,27.0,2.6,0.259,12.6,-0.2,-0.2,-0.068,67
Chris Crawford,PF,28,ATL,56,25,21.6,3.8,8.4,0.448,0.8,2.0,0.389,3.0,6.4,0.466,0.495,1.8,2.1,0.866,1.0,2.1,3.1,0.8,0.7,0.4,1.0,2.3,10.2,0.24,7.0,1.2,-2.0,-2.6,10.9,0.5,0.253,0.6,5.5,2.2,15.8,1.6,9.5,8.2,0.544,21.8,0.0,2.7,0.107,73
Jamal Crawford,SG,23,CHI,80,73,35.1,6.4,16.5,0.386,2.1,6.5,0.317,4.3,10.0,0.432,0.449,2.5,3.0,0.833,0.6,3.0,3.5,5.1,1.4,0.4,2.4,2.0,17.3,0.395,27.5,0.8,1.1,-1.3,9.5,2.1,0.182,2.4,1.7,1.9,15.9,2.1,11.9,5.5,0.486,25.7,2.2,4.1,0.069,78
Austin Croshere,PF,28,IND,77,0,13.6,1.5,4.0,0.388,0.7,1.9,0.389,0.8,2.1,0.387,0.479,1.2,1.4,0.894,0.8,2.4,3.2,0.7,0.3,0.2,0.7,1.3,5.0,0.469,8.5,1.0,0.1,0.0,20.8,1.8,0.339,0.0,6.7,1.6,14.4,1.3,13.5,13.7,0.549,18.3,0.5,3.4,0.156,73
Eddy Curry,PF,21,CHI,73,63,29.5,5.7,11.5,0.496,0.0,0.0,1.0,5.7,11.5,0.496,0.497,3.2,4.8,0.671,2.0,4.2,6.2,0.9,0.3,1.1,2.4,3.5,14.7,0.001,6.2,2.8,-3.3,-0.9,16.1,1.8,0.417,-2.4,7.1,1.1,14.8,0.6,15.1,11.4,0.538,24.3,-0.7,3.0,0.066,76
Michael Curry,SF,35,TOR,70,15,17.6,1.1,2.8,0.388,0.0,0.2,0.2,1.0,2.6,0.403,0.395,0.7,0.8,0.845,0.3,0.9,1.2,0.8,0.3,0.1,0.7,2.2,2.9,0.077,7.2,0.3,-5.6,-0.1,6.1,0.9,0.296,-5.5,2.0,-0.6,3.6,1.0,17.8,4.1,0.46,10.6,-1.1,0.3,0.013,66
Samuel Dalembert,C,22,PHI,82,53,26.8,3.3,6.1,0.541,0.0,0.0,0.0,3.3,6.1,0.542,0.541,1.4,2.1,0.644,2.4,5.3,7.6,0.3,0.5,2.3,1.0,3.3,8.0,0.002,1.7,6.8,0.1,2.5,22.9,4.0,0.349,-2.4,10.5,3.0,16.1,1.1,13.0,16.8,0.566,14.1,1.2,6.9,0.151,73
Erick Dampier,C,28,GSW,74,74,32.5,4.7,8.8,0.535,0.0,0.0,0.0,4.7,8.8,0.537,0.535,2.9,4.5,0.654,4.6,7.3,12.0,0.8,0.4,1.9,1.8,3.1,12.3,0.003,4.3,4.1,1.4,1.1,25.5,3.4,0.511,0.4,16.1,5.5,20.1,0.7,14.1,20.8,0.573,17.8,2.1,8.9,0.178,78
Antonio Daniels,PG,28,SEA,71,32,21.3,2.6,5.6,0.47,0.6,1.6,0.362,2.0,4.0,0.514,0.523,2.2,2.6,0.842,0.3,1.7,2.0,4.2,0.6,0.1,0.9,0.9,8.0,0.291,31.9,0.3,0.3,-3.0,9.2,0.0,0.462,3.3,1.8,5.8,19.7,1.6,11.3,5.5,0.596,16.5,0.9,5.8,0.184,79
Marquis Daniels,SG,23,DAL,56,15,18.6,3.6,7.3,0.494,0.2,0.6,0.306,3.4,6.7,0.512,0.507,1.1,1.4,0.769,1.2,1.4,2.6,2.1,0.9,0.2,0.8,0.9,8.5,0.088,17.4,0.9,1.8,-1.1,8.6,0.4,0.19,2.9,6.7,2.7,20.1,2.6,9.0,7.6,0.536,20.6,1.0,3.2,0.146,78
Antonio Davis,C,35,CHI,65,64,31.3,3.4,8.3,0.407,0.0,0.0,,3.4,8.3,0.407,0.407,2.1,2.8,0.768,2.4,5.7,8.1,1.9,0.4,0.9,1.4,2.5,8.9,0.0,10.1,2.1,-1.7,1.2,20.5,2.0,0.335,-2.9,8.3,0.9,12.1,0.7,13.1,14.2,0.467,15.7,0.2,2.9,0.069,74
Baron Davis,PG,24,NOH,67,66,40.1,8.3,20.9,0.395,2.8,8.7,0.321,5.5,12.2,0.448,0.462,3.5,5.3,0.673,1.0,3.3,4.3,7.5,2.4,0.4,3.2,2.7,22.9,0.415,37.9,0.8,5.6,-0.2,9.6,3.2,0.251,5.9,2.7,4.3,20.7,3.2,12.1,6.1,0.492,30.1,5.2,7.5,0.133,91
Dale Davis,C,34,POR,76,37,22.1,1.8,3.7,0.473,0.0,0.0,,1.8,3.7,0.473,0.473,0.9,1.4,0.613,2.1,3.2,5.2,0.9,0.6,0.8,0.5,2.0,4.4,0.0,6.6,2.8,0.6,1.5,16.8,1.5,0.377,-0.9,11.3,2.4,12.9,1.4,10.9,14.1,0.505,10.3,1.1,3.9,0.11,72
Hubert Davis,SG,33,NJN,14,0,3.9,0.1,0.6,0.111,0.0,0.0,,0.1,0.6,0.111,0.111,0.1,0.1,1.0,0.1,0.4,0.6,0.2,0.1,0.0,0.1,0.6,0.3,0.0,7.8,0.0,-8.0,0.9,12.8,0.1,0.222,-8.9,4.3,-0.1,0.0,2.0,16.8,8.6,0.202,10.1,-0.1,0.0,-0.043,66
Ricky Davis,SF,24,BOS,57,5,29.4,5.5,11.2,0.488,0.6,1.6,0.38,4.9,9.6,0.506,0.516,2.5,3.5,0.732,1.0,3.1,4.2,2.6,1.2,0.2,2.1,2.1,14.1,0.144,16.5,0.6,0.0,-0.6,11.9,1.4,0.31,0.6,4.1,2.3,17.0,2.2,14.3,8.1,0.554,23.0,0.9,3.7,0.106,82
Andrew DeClercq,C,30,ORL,71,53,17.1,1.3,2.7,0.477,0.0,0.0,,1.3,2.7,0.477,0.477,0.6,0.8,0.815,1.8,2.6,4.5,0.6,0.7,0.5,0.8,3.1,3.2,0.0,5.5,1.9,-1.2,0.6,17.8,0.6,0.277,-1.7,12.0,1.1,10.6,2.1,19.8,14.8,0.526,10.2,0.3,1.7,0.069,63
Tony Delk,SG,30,DAL,33,11,15.4,2.1,5.6,0.38,0.6,2.0,0.303,1.5,3.6,0.424,0.435,1.1,1.3,0.841,0.5,1.3,1.8,0.8,0.8,0.2,0.5,1.4,6.0,0.359,7.8,1.0,-1.3,-1.6,9.4,0.3,0.239,0.3,3.3,0.6,13.2,2.7,7.7,6.3,0.484,19.0,0.1,0.8,0.08,72
Boris Diaw,SG,21,ATL,76,37,25.3,1.8,4.1,0.447,0.1,0.3,0.231,1.8,3.8,0.467,0.457,0.7,1.2,0.602,1.5,3.0,4.5,2.4,0.8,0.5,1.7,2.5,4.5,0.083,14.9,1.4,-1.6,1.0,13.5,1.1,0.297,-2.6,6.6,-0.3,8.8,1.6,26.3,10.1,0.483,11.4,0.2,0.8,0.021,70
Dan Dickau,PG,25,POR,20,0,7.6,0.8,2.5,0.327,0.4,1.0,0.35,0.5,1.5,0.31,0.398,0.4,0.4,0.875,0.2,0.4,0.5,1.0,0.4,0.0,0.7,1.1,2.3,0.408,21.4,0.0,-5.9,-2.9,5.5,0.1,0.163,-3.0,2.4,-0.1,7.7,2.9,19.8,3.9,0.438,20.5,-0.1,0.0,-0.011,74
DeSagana Diop,C,22,CLE,56,3,13.0,1.0,2.6,0.388,0.0,0.0,,1.0,2.6,0.388,0.388,0.2,0.4,0.6,1.3,2.3,3.6,0.6,0.5,0.9,0.5,2.1,2.3,0.0,7.1,5.0,-0.7,3.0,19.2,1.1,0.136,-3.7,10.9,-0.1,10.4,1.9,15.7,15.1,0.404,11.3,0.2,1.0,0.063,63
Vlade Divac,C,35,SAC,81,81,28.6,3.9,8.2,0.47,0.0,0.2,0.154,3.9,8.1,0.476,0.472,2.1,3.2,0.654,1.7,4.0,5.7,5.3,0.7,1.0,2.1,2.7,9.9,0.019,28.7,2.3,1.1,1.0,15.6,1.8,0.389,0.2,6.8,3.5,16.3,1.3,18.1,11.3,0.511,18.6,1.8,5.3,0.11,75
Juan Dixon,SG,25,WAS,71,16,20.8,3.5,9.0,0.388,0.8,2.8,0.298,2.6,6.2,0.428,0.434,1.6,2.0,0.799,0.4,1.7,2.1,1.9,1.2,0.1,1.5,1.6,9.4,0.311,17.5,0.2,-2.6,-2.0,9.2,1.1,0.218,-0.6,2.2,0.3,13.5,2.9,13.0,5.6,0.476,24.0,-0.2,1.4,0.044,75
Michael Doleac,C,26,DEN,26,0,13.2,1.5,3.7,0.412,0.0,0.0,,1.5,3.7,0.412,0.412,0.5,0.6,0.875,1.1,1.8,2.9,0.5,0.2,0.2,0.4,2.2,3.6,0.0,6.3,1.2,-4.1,-1.1,16.0,0.3,0.165,-3.0,9.1,0.2,9.1,0.9,9.6,12.5,0.452,14.7,-0.2,0.5,0.069,66
Keyon Dooling,PG,23,LAC,58,24,19.6,2.4,6.1,0.389,0.1,0.8,0.174,2.2,5.3,0.422,0.401,1.3,1.6,0.83,0.3,1.1,1.4,2.2,0.8,0.1,1.1,1.9,6.2,0.131,19.4,0.4,-4.8,-2.7,6.3,0.1,0.267,-2.1,1.7,0.2,10.0,2.1,14.2,4.0,0.458,17.9,-0.8,0.3,0.013,70
Tim Duncan,PF,27,SAS,69,68,36.6,8.6,17.1,0.501,0.0,0.2,0.167,8.6,16.9,0.505,0.502,5.1,8.5,0.599,3.3,9.2,12.4,3.1,0.9,2.7,2.7,2.4,22.3,0.01,17.4,5.3,7.3,4.9,27.6,7.2,0.498,2.4,10.2,5.9,27.1,1.3,11.3,19.0,0.534,29.7,5.9,13.1,0.249,98
Mike Dunleavy,SF,23,GSW,75,69,31.1,4.3,9.6,0.449,1.3,3.4,0.37,3.1,6.2,0.491,0.514,1.8,2.5,0.741,1.2,4.7,5.9,2.9,0.9,0.2,1.9,2.3,11.7,0.353,16.1,0.4,1.8,0.5,17.2,2.2,0.257,1.3,4.2,3.0,15.1,1.6,15.1,10.7,0.547,18.6,2.2,5.2,0.107,77
Ronald Dupree,SF,23,CHI,47,8,19.0,2.4,6.0,0.394,0.1,0.2,0.444,2.3,5.8,0.392,0.401,1.4,2.2,0.629,1.2,2.4,3.6,1.2,0.7,0.4,1.1,2.9,6.2,0.032,10.6,1.5,-3.6,0.3,14.1,0.9,0.372,-3.9,6.5,-0.4,9.7,1.9,13.4,10.2,0.445,19.0,-0.4,0.5,0.028,69
Ndudi Ebi,SF,19,MIN,17,0,1.9,0.4,0.8,0.429,0.0,0.0,,0.4,0.8,0.429,0.429,0.1,0.2,0.25,0.1,0.1,0.2,0.2,0.0,0.2,0.2,0.4,0.8,0.0,16.2,9.1,-6.0,0.6,3.4,0.0,0.286,-6.7,7.5,-0.1,9.3,0.0,16.0,5.4,0.412,27.6,0.0,0.0,-0.057,66
Howard Eisley,PG,31,PHO,34,0,21.4,2.5,7.3,0.345,0.7,2.3,0.308,1.8,5.0,0.363,0.394,1.3,1.6,0.83,0.4,1.5,1.9,3.4,0.8,0.1,1.4,1.5,7.1,0.313,25.5,0.2,-4.2,-2.6,7.9,0.2,0.213,-1.5,2.0,0.0,11.2,1.9,15.0,4.9,0.441,19.9,-0.4,0.2,0.013,70
Francisco Elson,C,27,DEN,62,14,14.1,1.5,3.2,0.472,0.0,0.0,0.0,1.5,3.2,0.475,0.472,0.5,0.7,0.667,1.0,2.2,3.3,0.5,0.6,0.6,0.6,2.3,3.5,0.005,5.6,3.1,-1.0,1.7,18.1,1.2,0.226,-2.6,8.3,0.6,11.2,2.1,13.8,13.1,0.498,12.7,0.2,1.8,0.097,67
Melvin Ely,PF,25,LAC,42,2,12.1,1.6,3.6,0.431,0.0,0.0,0.0,1.6,3.6,0.434,0.431,0.6,1.0,0.595,1.1,1.3,2.4,0.5,0.2,0.4,0.5,1.6,3.7,0.007,7.4,2.4,-3.7,-1.7,11.9,0.1,0.275,-2.1,10.6,0.3,11.1,0.9,10.4,11.3,0.458,16.6,-0.2,0.4,0.039,68
Reggie Evans,PF,23,SEA,75,27,17.1,0.9,2.2,0.406,0.0,0.0,0.0,0.9,2.2,0.414,0.406,1.1,2.0,0.561,2.1,3.4,5.4,0.4,0.7,0.1,0.9,2.3,2.9,0.018,3.7,0.6,-2.1,0.4,23.0,1.1,0.897,-2.5,14.5,0.7,9.9,2.3,22.0,18.8,0.471,10.7,0.0,1.7,0.065,69
Michael Finley,SG,30,DAL,72,72,38.6,7.1,16.1,0.443,2.1,5.1,0.405,5.1,11.0,0.461,0.508,2.3,2.7,0.85,1.1,3.4,4.5,2.9,1.2,0.5,1.2,1.6,18.6,0.319,11.7,1.0,2.3,-1.5,9.9,0.5,0.167,3.8,3.0,7.0,17.8,1.6,6.3,6.4,0.539,20.9,3.0,7.6,0.131,81
Derek Fisher,SG,29,LAL,82,3,21.6,2.5,7.0,0.352,0.6,2.2,0.291,1.8,4.8,0.38,0.398,1.5,1.9,0.797,0.4,1.5,1.9,2.3,1.3,0.0,1.0,1.4,7.1,0.311,16.3,0.2,-1.4,-0.2,7.9,2.0,0.266,-1.2,1.9,0.4,11.5,3.0,10.9,4.9,0.451,18.3,0.3,2.4,0.066,75
Marcus Fizer,SF,25,CHI,46,2,16.0,2.9,7.6,0.383,0.0,0.4,0.118,2.9,7.2,0.396,0.386,2.0,2.6,0.75,1.3,3.1,4.4,0.9,0.3,0.2,1.1,2.1,7.8,0.049,11.1,0.8,-5.6,-2.0,21.5,0.8,0.343,-3.6,8.8,-0.3,13.4,1.1,11.2,15.0,0.447,27.5,-0.7,0.5,0.033,73
T.J. Ford,PG,20,MIL,55,55,26.8,2.8,7.2,0.384,0.1,0.4,0.238,2.7,6.9,0.393,0.391,1.5,1.8,0.816,0.7,2.5,3.2,6.5,1.1,0.1,2.5,2.2,7.1,0.053,37.4,0.1,-2.6,-0.9,10.8,0.9,0.246,-1.6,2.9,-0.2,12.1,2.1,24.0,6.8,0.443,17.9,-0.2,0.7,0.022,78
Danny Fortson,C,27,DAL,56,20,11.2,1.3,2.5,0.511,0.0,0.0,,1.3,2.5,0.511,0.511,1.3,1.6,0.815,2.0,2.4,4.5,0.2,0.2,0.2,0.7,2.6,3.9,0.0,2.0,1.3,-2.8,-3.1,24.3,0.4,0.662,0.3,19.3,1.9,15.9,1.0,17.1,21.8,0.605,15.2,-0.1,2.3,0.177,71
Jeff Foster,C,27,IND,82,79,23.9,2.4,4.4,0.544,0.0,0.0,0.0,2.4,4.4,0.55,0.544,1.3,1.9,0.669,3.0,4.4,7.4,0.8,0.9,0.3,0.7,2.3,6.1,0.011,5.5,1.1,3.1,2.4,22.0,3.8,0.425,0.7,14.8,4.4,16.2,2.0,12.3,18.4,0.578,11.8,2.5,8.3,0.202,72
Tremaine Fowlkes,SF,27,DET,36,0,7.3,0.4,1.3,0.313,0.0,0.2,0.125,0.4,1.1,0.35,0.323,0.4,0.5,0.722,0.5,1.0,1.5,0.4,0.3,0.1,0.3,1.0,1.2,0.167,8.4,0.9,-2.6,1.7,15.3,0.5,0.375,-4.3,8.1,-0.1,6.5,1.9,17.7,11.7,0.393,12.2,0.0,0.4,0.068,66
Rick Fox,SF,34,LAL,38,34,22.3,1.9,4.9,0.392,0.4,1.6,0.246,1.5,3.3,0.464,0.433,0.6,0.8,0.733,0.8,1.9,2.7,2.6,0.8,0.1,1.3,2.6,4.8,0.328,17.1,0.3,-1.8,0.2,9.9,0.8,0.161,-2.0,3.8,0.0,8.0,1.8,19.4,6.8,0.459,13.1,0.0,0.8,0.043,68
Adonal Foyle,C,28,GSW,44,8,13.0,1.3,3.0,0.454,0.0,0.0,,1.3,3.0,0.454,0.454,0.4,0.8,0.543,1.2,2.6,3.8,0.4,0.1,1.0,0.5,1.5,3.1,0.0,4.8,5.8,-1.7,2.1,22.3,0.8,0.269,-3.8,10.6,0.3,13.0,0.6,12.6,16.4,0.471,13.4,0.0,1.1,0.093,72
Richie Frahm,SF,26,SEA,54,0,8.7,1.2,2.6,0.453,0.6,1.7,0.37,0.5,0.9,0.617,0.576,0.4,0.5,0.885,0.2,0.8,1.0,0.4,0.3,0.1,0.1,0.9,3.4,0.662,8.4,0.6,0.6,-2.6,11.0,0.1,0.187,3.2,3.0,1.4,15.7,1.8,4.4,7.0,0.608,15.5,0.3,1.5,0.152,70
Steve Francis,PG,26,HOU,79,79,40.4,5.7,14.1,0.403,0.9,3.2,0.292,4.8,11.0,0.435,0.436,4.3,5.5,0.775,1.5,4.0,5.5,6.2,1.8,0.4,3.7,3.3,16.6,0.224,28.3,0.8,2.5,1.5,11.1,4.7,0.389,1.0,4.5,2.4,15.8,2.4,18.3,8.0,0.501,24.0,3.6,7.1,0.107,87
Dan Gadzuric,C,25,MIL,75,0,16.8,2.4,4.7,0.524,0.0,0.0,0.0,2.4,4.6,0.526,0.524,0.8,1.6,0.492,1.7,2.9,4.6,0.4,0.7,1.4,0.6,2.5,5.7,0.003,3.7,6.1,1.8,2.6,19.8,2.0,0.338,-0.8,11.4,1.7,17.0,2.1,10.1,15.6,0.529,16.0,1.2,3.7,0.141,73
Reece Gaines,PG,23,ORL,38,1,9.6,0.7,2.3,0.291,0.1,0.3,0.3,0.6,2.0,0.289,0.308,0.4,0.7,0.64,0.2,0.8,1.0,1.1,0.3,0.1,0.5,0.6,1.8,0.116,16.6,0.4,-7.7,-2.4,9.9,0.0,0.291,-5.4,2.4,-0.4,6.1,1.6,15.7,6.1,0.356,14.3,-0.5,-0.5,-0.065,63
Kevin Garnett,PF,27,MIN,82,82,39.4,9.8,19.6,0.499,0.1,0.5,0.256,9.7,19.1,0.506,0.502,4.5,5.7,0.791,3.0,10.9,13.9,5.0,1.5,2.2,2.6,2.5,24.2,0.027,24.4,4.0,9.9,5.0,30.0,8.0,0.289,4.9,9.1,10.4,29.4,2.0,10.5,20.1,0.547,29.6,9.8,18.3,0.272,99
Pat Garrity,PF,27,ORL,2,0,11.0,0.5,1.5,0.333,0.0,0.0,,0.5,1.5,0.333,0.333,0.0,0.0,,0.0,0.0,0.0,0.5,0.0,0.0,0.0,1.0,1.0,0.0,6.6,0.0,-11.6,-5.2,0.0,0.0,0.0,-6.4,0.0,0.0,0.5,0.0,0.0,0.0,0.333,6.2,-0.1,0.0,-0.06,67
Pau Gasol,PF,23,MEM,78,78,31.5,6.5,13.4,0.482,0.1,0.2,0.267,6.4,13.3,0.485,0.484,4.7,6.6,0.714,2.6,5.1,7.7,2.5,0.6,1.7,2.4,2.4,17.7,0.014,14.9,3.9,2.7,1.2,18.3,2.8,0.487,1.6,9.4,5.3,21.7,0.9,12.8,13.8,0.542,26.8,2.9,8.1,0.159,84
Devean George,SF,26,LAL,82,48,23.8,2.8,7.0,0.408,0.8,2.3,0.349,2.0,4.7,0.436,0.465,0.9,1.2,0.76,1.1,3.0,4.0,1.4,1.0,0.5,1.1,2.3,7.4,0.326,8.9,1.4,0.1,1.1,14.4,2.5,0.168,-0.9,5.0,0.8,11.5,2.2,12.5,9.6,0.492,16.1,1.1,3.4,0.083,74
Kendall Gill,SG,35,CHI,56,35,25.2,3.8,9.8,0.392,0.2,0.7,0.237,3.7,9.1,0.404,0.401,1.8,2.4,0.735,1.1,2.3,3.4,1.6,1.2,0.3,1.5,1.9,9.6,0.069,11.4,0.8,-3.5,-0.3,10.3,1.3,0.248,-3.2,4.6,-0.9,11.1,2.4,12.0,7.4,0.443,21.9,-0.5,0.4,0.013,69
Manu Ginobili,SG,26,SAS,77,38,29.4,4.3,10.2,0.418,1.1,3.2,0.359,3.1,7.1,0.445,0.474,3.1,3.9,0.802,1.1,3.4,4.5,3.8,1.8,0.2,2.1,2.4,12.8,0.311,22.5,0.5,5.1,2.5,12.6,5.1,0.378,2.6,4.3,4.0,18.5,3.2,14.9,8.5,0.536,22.1,4.0,9.1,0.194,87
Gordan Giricek,SG,26,UTA,25,18,24.2,5.1,11.9,0.431,0.6,1.6,0.359,4.6,10.3,0.442,0.455,2.7,3.1,0.883,0.6,1.9,2.5,1.7,0.6,0.2,1.6,1.8,13.5,0.131,14.8,0.7,-2.9,-3.2,10.0,0.4,0.259,0.3,2.8,0.9,16.4,1.4,10.8,6.3,0.511,28.5,-0.1,1.2,0.096,76
Drew Gooden,PF,22,ORL,79,17,27.0,4.7,10.5,0.445,0.1,0.5,0.214,4.6,10.0,0.457,0.451,2.1,3.3,0.637,2.0,4.5,6.5,1.1,0.8,0.9,1.6,2.5,11.6,0.051,7.5,2.4,-3.3,-1.3,19.3,0.9,0.316,-1.9,8.3,1.0,15.6,1.5,11.8,13.7,0.484,22.7,-0.7,1.9,0.043,79
Brian Grant,C,31,MIA,76,76,30.3,3.8,8.1,0.471,0.0,0.0,0.0,3.8,8.1,0.472,0.471,1.1,1.4,0.782,2.3,4.6,6.9,0.9,0.7,0.5,1.1,3.3,8.7,0.002,5.3,1.2,-1.4,0.6,17.9,2.8,0.179,-2.0,8.7,2.1,12.1,1.2,11.0,13.3,0.502,15.2,0.4,4.9,0.101,74
Willie Green,SG,22,PHI,53,0,14.5,2.7,6.7,0.401,0.4,1.2,0.311,2.3,5.6,0.419,0.427,1.1,1.5,0.728,0.3,0.9,1.2,1.0,0.5,0.1,1.1,1.6,6.9,0.171,14.1,0.5,-5.9,-2.9,7.5,0.6,0.227,-3.0,2.5,-0.7,10.8,1.8,13.1,5.0,0.464,27.7,-0.8,0.0,-0.003,73
Adrian Griffin,SG,29,HOU,19,1,7.0,0.3,0.9,0.278,0.1,0.1,0.5,0.2,0.8,0.25,0.306,0.0,0.2,0.0,0.1,0.9,1.0,0.5,0.4,0.1,0.2,0.9,0.6,0.111,11.6,1.2,-3.0,3.2,15.2,0.2,0.222,-6.2,0.9,-0.2,4.5,2.9,13.2,8.4,0.278,8.2,0.0,0.1,0.031,72
Tom Gugliotta,PF,34,UTA,25,24,20.6,1.6,4.2,0.375,0.0,0.1,0.333,1.5,4.0,0.376,0.38,0.6,0.8,0.7,2.0,3.2,5.2,1.7,0.7,0.3,0.8,1.9,3.7,0.029,13.5,1.3,0.3,1.7,19.8,0.6,0.192,-1.4,11.9,0.3,11.4,1.8,14.4,15.8,0.412,11.9,0.3,0.8,0.079,69
Darvin Ham,SF,30,DET,54,2,9.0,0.7,1.4,0.493,0.0,0.0,0.5,0.7,1.4,0.493,0.5,0.4,0.6,0.6,0.9,0.9,1.7,0.3,0.2,0.1,0.6,1.2,1.8,0.027,5.3,1.3,-1.6,1.3,10.8,0.8,0.467,-2.9,11.4,0.1,8.3,1.5,25.5,11.1,0.531,11.7,0.0,0.9,0.087,67
Richard Hamilton,SG,25,DET,78,78,35.5,6.8,14.9,0.455,0.2,0.9,0.265,6.6,14.1,0.466,0.462,3.8,4.4,0.868,1.0,2.6,3.6,4.0,1.3,0.2,2.7,2.8,17.6,0.058,22.2,0.5,1.3,0.1,8.3,4.4,0.293,1.2,3.3,3.8,16.8,2.0,13.8,5.8,0.522,25.7,2.3,8.1,0.141,85
Zendon Hamilton,C,28,PHI,46,0,10.3,1.1,2.1,0.537,0.0,0.0,,1.1,2.1,0.537,0.537,1.5,2.1,0.698,1.1,2.1,3.2,0.3,0.2,0.2,0.6,1.6,3.7,0.0,4.8,1.3,-2.5,-1.0,23.9,0.6,1.011,-1.4,12.3,1.1,15.9,0.9,16.4,18.2,0.616,16.3,-0.1,1.8,0.178,65
Matt Harpring,SF,27,UTA,31,31,36.6,6.2,13.2,0.471,0.3,1.1,0.242,6.0,12.2,0.491,0.48,3.5,5.1,0.688,2.9,5.0,8.0,2.0,0.7,0.1,2.1,3.3,16.2,0.08,10.9,0.1,0.1,-1.3,17.3,0.9,0.383,1.3,9.8,1.9,16.1,1.1,11.9,13.5,0.524,22.3,0.6,2.8,0.116,78
Matt Harpring,SF,27,UTA,31,31,36.6,6.2,13.2,0.471,0.3,1.1,0.242,6.0,12.2,0.491,0.48,3.5,5.1,0.688,2.9,5.0,8.0,2.0,0.7,0.1,2.1,3.3,16.2,0.08,10.9,0.1,0.1,-1.3,17.3,0.9,0.383,1.3,9.8,1.9,16.1,1.1,11.9,13.5,0.524,22.3,0.6,2.8,0.116,79
Al Harrington,PF,23,IND,79,15,30.9,5.3,11.5,0.463,0.3,1.0,0.273,5.1,10.5,0.481,0.475,2.3,3.2,0.734,2.1,4.4,6.4,1.7,1.0,0.3,2.1,3.2,13.3,0.085,10.3,0.7,0.4,1.0,16.9,4.1,0.277,-0.6,7.8,1.8,14.9,1.8,13.8,12.3,0.514,22.9,1.5,5.9,0.116,79
Al Harrington,PF,23,IND,79,15,30.9,5.3,11.5,0.463,0.3,1.0,0.273,5.1,10.5,0.481,0.475,2.3,3.2,0.734,2.1,4.4,6.4,1.7,1.0,0.3,2.1,3.2,13.3,0.085,10.3,0.7,0.4,1.0,16.9,4.1,0.277,-0.6,7.8,1.8,14.9,1.8,13.8,12.3,0.514,22.9,1.5,5.9,0.116,78
Othella Harrington,PF,30,NYK,56,3,15.6,1.8,3.6,0.495,0.0,0.0,,1.8,3.6,0.495,0.495,1.0,1.4,0.744,1.0,2.1,3.2,0.5,0.2,0.3,1.2,2.4,4.6,0.0,5.5,1.2,-3.9,-0.5,15.5,0.7,0.386,-3.3,7.8,0.2,9.0,0.7,21.6,11.7,0.546,16.0,-0.4,0.8,0.046,70
Lucious Harris,PG,33,NJN,69,15,21.8,2.7,6.7,0.404,0.6,1.5,0.376,2.2,5.2,0.412,0.445,1.0,1.1,0.846,0.6,1.5,2.0,2.0,0.6,0.0,0.8,1.1,6.9,0.218,15.2,0.1,-3.0,-1.1,7.9,1.7,0.168,-1.9,3.1,0.9,11.1,1.5,9.6,5.5,0.481,17.2,-0.4,2.5,0.081,72
Jason Hart,PG,25,SAS,53,5,12.5,1.3,3.0,0.447,0.0,0.2,0.222,1.3,2.8,0.46,0.453,0.6,0.8,0.767,0.2,1.3,1.5,1.5,0.5,0.1,0.5,1.1,3.3,0.057,20.1,0.6,-0.9,1.5,11.5,1.3,0.27,-2.4,1.7,0.6,12.3,2.3,14.0,6.7,0.497,14.5,0.2,1.9,0.139,75
Donnell Harvey,PF,23,PHO,36,7,12.2,1.5,3.1,0.473,0.0,0.0,,1.5,3.1,0.473,0.473,1.0,1.2,0.795,0.5,2.0,2.6,0.4,0.4,0.4,0.6,2.4,3.9,0.0,4.7,2.7,-3.8,0.0,19.1,0.4,0.393,-3.8,4.9,0.3,11.1,1.7,14.9,12.0,0.537,15.9,-0.2,0.7,0.081,67
Udonis Haslem,PF,23,MIA,75,24,23.9,2.7,6.0,0.459,0.0,0.0,0.0,2.7,5.9,0.462,0.459,1.9,2.4,0.765,2.5,3.8,6.3,0.7,0.4,0.3,1.0,2.6,7.3,0.007,4.9,1.1,-1.7,-0.2,18.7,2.1,0.409,-1.5,12.1,2.7,13.7,1.0,12.3,15.4,0.521,15.8,0.1,4.8,0.128,75
Trenton Hassell,SG,24,MIN,81,74,28.0,2.2,4.7,0.465,0.0,0.2,0.308,2.1,4.5,0.47,0.47,0.6,0.8,0.787,0.8,2.3,3.2,1.6,0.4,0.7,0.6,2.5,5.0,0.034,8.5,1.7,-0.3,1.7,9.0,2.3,0.16,-2.0,3.6,1.7,8.2,0.9,10.1,6.5,0.498,9.5,1.0,4.0,0.084,74
Jarvis Hayes,SF,22,WAS,70,42,29.2,4.0,9.9,0.4,0.6,1.9,0.305,3.4,8.1,0.422,0.429,1.1,1.4,0.786,1.0,2.8,3.8,1.5,1.0,0.2,1.6,2.2,9.6,0.188,9.3,0.4,-3.7,-1.1,10.9,1.1,0.141,-2.6,3.8,-0.6,9.4,1.8,13.0,7.2,0.456,18.4,-0.9,0.5,0.012,77
Jarvis Hayes,SF,22,WAS,70,42,29.2,4.0,9.9,0.4,0.6,1.9,0.305,3.4,8.1,0.422,0.429,1.1,1.4,0.786,1.0,2.8,3.8,1.5,1.0,0.2,1.6,2.2,9.6,0.188,9.3,0.4,-3.7,-1.1,10.9,1.1,0.141,-2.6,3.8,-0.6,9.4,1.8,13.0,7.2,0.456,18.4,-0.9,0.5,0.012,75
Brendan Haywood,C,24,WAS,77,59,19.3,2.6,5.0,0.515,0.0,0.0,0.0,2.6,5.0,0.517,0.515,1.8,3.0,0.585,2.4,2.6,5.0,0.6,0.4,1.3,1.0,2.0,7.0,0.003,5.2,4.9,-0.3,0.6,15.6,1.4,0.603,-0.9,13.7,2.4,17.2,1.1,14.0,14.6,0.547,17.0,0.6,3.8,0.123,72
Alan Henderson,PF,31,ATL,6,0,11.3,1.7,3.5,0.476,0.0,0.0,,1.7,3.5,0.476,0.476,0.7,1.0,0.667,1.8,1.7,3.5,0.3,0.2,0.3,0.5,0.2,4.0,0.0,5.2,2.2,-3.3,-2.5,16.5,0.0,0.286,-0.8,18.5,0.1,18.2,0.8,11.3,17.5,0.508,17.8,0.0,0.2,0.109,68
Kirk Hinrich,PG,23,CHI,76,66,35.6,4.2,10.8,0.386,1.9,4.9,0.39,2.3,6.0,0.383,0.474,1.8,2.2,0.804,0.6,2.9,3.4,6.8,1.3,0.3,2.7,3.6,12.0,0.448,32.5,0.6,-0.5,-1.3,9.0,1.9,0.204,0.8,1.7,2.1,13.1,1.9,18.5,5.2,0.51,18.2,1.0,4.1,0.072,81
Fred Hoiberg,SG,31,MIN,79,3,22.8,2.3,4.8,0.465,1.0,2.2,0.442,1.3,2.7,0.483,0.564,1.2,1.5,0.845,0.3,3.1,3.4,1.4,0.8,0.1,0.6,1.7,6.7,0.449,9.0,0.4,1.9,1.0,14.8,2.6,0.303,0.9,1.4,3.6,13.6,2.0,9.2,8.5,0.611,12.5,1.8,6.1,0.163,74
Robert Horry,PF,33,SAS,81,1,15.9,1.7,4.3,0.405,0.5,1.3,0.38,1.2,3.0,0.417,0.464,0.9,1.3,0.645,1.3,2.0,3.4,1.2,0.6,0.6,0.7,2.0,4.8,0.31,12.8,2.8,3.3,3.1,14.0,2.9,0.307,0.2,9.5,1.7,14.5,2.0,12.2,11.8,0.496,16.1,1.7,4.6,0.171,76
Eddie House,SG,25,LAC,60,10,19.8,2.7,7.5,0.359,0.9,2.3,0.375,1.8,5.2,0.351,0.415,0.6,0.8,0.8,0.5,1.8,2.3,2.5,1.1,0.1,1.1,1.5,6.8,0.303,21.6,0.2,-2.1,-1.7,10.6,0.5,0.1,-0.4,2.7,0.2,12.0,2.9,11.8,6.6,0.436,19.8,0.0,0.7,0.027,75
Allan Houston,SG,32,NYK,50,50,36.0,6.8,15.6,0.435,1.7,4.0,0.431,5.1,11.6,0.437,0.491,3.1,3.4,0.913,0.4,2.0,2.4,2.0,0.8,0.0,2.0,2.1,18.5,0.259,10.3,0.1,-1.4,-2.7,6.4,0.6,0.22,1.3,1.3,2.5,14.8,1.1,10.6,3.9,0.539,24.7,0.3,3.1,0.083,79
Josh Howard,SF,23,DAL,67,29,23.7,3.4,7.9,0.43,0.3,1.0,0.303,3.1,7.0,0.448,0.449,1.4,2.1,0.703,2.2,3.3,5.5,1.4,1.0,0.8,1.0,2.5,8.6,0.124,8.8,2.5,1.2,0.5,15.4,1.2,0.259,0.6,9.9,2.3,15.7,2.2,10.2,12.6,0.485,18.2,1.3,3.5,0.104,77
Juwan Howard,PF,30,ORL,81,77,35.5,6.5,14.4,0.453,0.0,0.0,0.0,6.5,14.4,0.453,0.453,3.9,4.9,0.809,2.1,4.9,7.0,2.0,0.7,0.3,2.2,3.5,17.0,0.001,10.0,0.6,-2.8,-2.4,16.1,0.0,0.336,-0.4,6.6,3.6,15.6,1.0,11.7,11.2,0.513,23.9,-0.6,3.6,0.059,77
Troy Hudson,PG,27,MIN,29,1,17.3,2.8,7.1,0.386,1.1,2.7,0.403,1.7,4.5,0.377,0.461,0.9,1.1,0.818,0.1,1.1,1.2,2.4,0.2,0.0,1.2,1.1,7.5,0.372,22.9,0.0,-4.2,-3.7,6.7,0.3,0.159,-0.5,1.0,0.3,12.5,0.8,13.3,4.0,0.492,23.9,-0.3,0.6,0.058,72
Larry Hughes,SG,25,WAS,61,61,33.8,6.6,16.5,0.397,1.3,3.8,0.341,5.3,12.7,0.414,0.437,4.4,5.5,0.797,1.6,3.8,5.3,2.4,1.6,0.4,2.5,2.4,18.8,0.23,14.3,0.9,-0.1,-1.3,12.9,1.6,0.332,1.2,5.1,2.1,17.6,2.4,11.6,8.9,0.496,28.1,1.0,3.8,0.088,83
Ryan Humphrey,PF,24,MEM,2,0,5.5,0.5,2.0,0.25,0.0,0.5,0.0,0.5,1.5,0.333,0.25,0.0,0.0,,1.0,0.5,1.5,0.5,0.5,0.0,1.0,1.5,1.0,0.25,13.9,0.0,-5.8,1.8,10.4,0.0,0.0,-7.5,20.3,-0.1,-1.0,4.8,33.3,15.4,0.25,24.6,0.0,0.0,-0.217,67
Brandon Hunter,PF,23,BOS,36,12,11.3,1.5,3.2,0.457,0.0,0.1,0.0,1.5,3.1,0.469,0.457,0.5,1.2,0.442,1.4,1.9,3.3,0.5,0.4,0.0,0.6,1.1,3.5,0.026,7.9,0.2,-3.9,-1.2,18.8,0.4,0.371,-2.7,14.4,0.2,12.6,1.6,14.0,16.6,0.463,17.6,-0.2,0.6,0.066,61
Lindsey Hunter,SG,33,DET,33,8,20.0,1.5,4.3,0.343,0.4,1.5,0.28,1.1,2.8,0.376,0.392,0.2,0.2,0.625,0.4,1.6,2.0,2.6,1.2,0.2,1.0,1.4,3.5,0.35,20.7,0.7,-0.7,2.0,9.3,1.3,0.056,-2.7,2.3,-0.4,9.0,3.2,18.8,5.9,0.399,12.8,0.2,0.9,0.067,70
Steven Hunter,C,22,ORL,59,23,13.4,1.4,2.6,0.529,0.0,0.0,,1.4,2.6,0.529,0.529,0.4,1.2,0.333,0.9,2.0,2.9,0.2,0.1,1.2,0.5,1.7,3.2,0.0,2.4,6.7,-4.0,0.3,17.0,0.3,0.445,-4.3,7.6,0.3,11.2,0.3,13.5,12.2,0.504,12.3,-0.4,0.6,0.034,67
Zydrunas Ilgauskas,C,28,CLE,81,81,31.3,5.8,11.9,0.483,0.0,0.1,0.286,5.7,11.8,0.484,0.484,3.7,5.0,0.746,3.4,4.6,8.1,1.3,0.5,2.5,2.0,3.4,15.3,0.007,7.8,5.6,1.7,0.8,16.3,2.8,0.421,0.9,12.1,5.0,20.2,0.8,12.5,14.2,0.541,23.1,2.4,7.8,0.147,80
Bobby Jackson,SG,30,SAC,50,0,23.7,5.3,11.8,0.444,1.6,4.4,0.37,3.6,7.5,0.488,0.513,1.6,2.2,0.752,1.1,2.4,3.5,2.1,1.0,0.2,1.3,2.1,13.8,0.37,15.8,0.5,1.0,-2.4,11.1,0.8,0.184,3.4,5.4,2.3,19.2,2.1,9.0,8.3,0.538,26.8,0.9,3.1,0.124,80
Jim Jackson,SF,33,HOU,80,80,39.0,4.8,11.3,0.424,2.0,5.1,0.4,2.8,6.2,0.444,0.514,1.3,1.6,0.843,0.7,5.4,6.1,2.8,1.1,0.3,2.2,2.8,12.9,0.45,12.8,0.6,1.6,1.3,15.6,4.4,0.141,0.3,2.1,2.2,12.2,1.5,15.5,9.2,0.54,17.3,2.8,6.6,0.102,76
Marc Jackson,PF,29,PHI,22,13,27.2,3.2,7.8,0.415,0.0,0.0,0.0,3.2,7.7,0.418,0.415,2.9,3.7,0.79,2.0,3.7,5.7,0.8,0.5,0.3,1.1,2.0,9.4,0.006,5.4,0.8,-2.9,-0.8,15.8,0.6,0.474,-2.0,8.9,0.7,13.2,1.1,10.4,12.4,0.498,18.1,-0.1,1.3,0.1,72
Mark Jackson,PG,38,HOU,42,3,13.7,0.8,2.4,0.34,0.2,1.0,0.171,0.6,1.4,0.458,0.375,0.7,0.9,0.718,0.2,1.4,1.7,2.8,0.4,0.0,1.3,1.0,2.5,0.41,32.8,0.1,-4.9,-0.9,11.7,0.7,0.39,-4.0,2.2,-0.3,8.9,1.6,31.1,7.2,0.44,14.1,-0.4,0.4,0.034,70
Stephen Jackson,SF,25,ATL,80,78,36.8,6.7,15.8,0.425,1.8,5.3,0.34,4.9,10.4,0.469,0.483,2.9,3.7,0.785,1.2,3.4,4.6,3.1,1.8,0.3,2.8,2.7,18.1,0.339,15.7,0.5,0.8,-1.2,10.4,1.8,0.236,2.1,3.8,2.7,16.1,2.6,13.8,7.1,0.521,25.0,2.1,4.4,0.072,78
Stephen Jackson,SF,25,ATL,80,78,36.8,6.7,15.8,0.425,1.8,5.3,0.34,4.9,10.4,0.469,0.483,2.9,3.7,0.785,1.2,3.4,4.6,3.1,1.8,0.3,2.8,2.7,18.1,0.339,15.7,0.5,0.8,-1.2,10.4,1.8,0.236,2.1,3.8,2.7,16.1,2.6,13.8,7.1,0.521,25.0,2.1,4.4,0.072,79
Casey Jacobsen,SF,22,PHO,78,13,23.4,1.9,4.6,0.417,1.0,2.3,0.417,1.0,2.3,0.417,0.521,1.2,1.4,0.82,0.5,2.0,2.6,1.3,0.6,0.1,0.9,1.8,6.0,0.5,8.0,0.4,-1.3,-0.9,10.0,0.5,0.308,-0.4,2.6,2.1,9.6,1.4,14.3,6.3,0.57,11.8,0.3,2.6,0.068,71
Jerome James,C,28,SEA,65,24,15.2,2.0,4.0,0.498,0.0,0.0,,2.0,4.0,0.498,0.498,1.0,1.5,0.66,1.2,2.3,3.5,0.5,0.3,0.9,1.3,2.8,5.0,0.0,5.3,4.6,-3.2,0.5,18.0,0.6,0.386,-3.7,9.4,0.1,11.3,1.1,21.3,13.7,0.535,18.0,-0.3,0.7,0.036,69
LeBron James,SG,19,CLE,79,79,39.5,7.9,18.9,0.417,0.8,2.7,0.29,7.1,16.1,0.438,0.438,4.4,5.8,0.754,1.3,4.2,5.5,5.9,1.6,0.7,3.5,1.9,20.9,0.145,27.8,1.3,1.9,-0.2,11.8,2.6,0.308,2.2,3.5,2.4,18.3,2.2,13.9,7.6,0.488,28.2,3.1,5.1,0.078,88
LeBron James,SG,19,CLE,79,79,39.5,7.9,18.9,0.417,0.8,2.7,0.29,7.1,16.1,0.438,0.438,4.4,5.8,0.754,1.3,4.2,5.5,5.9,1.6,0.7,3.5,1.9,20.9,0.145,27.8,1.3,1.9,-0.2,11.8,2.6,0.308,2.2,3.5,2.4,18.3,2.2,13.9,7.6,0.488,28.2,3.1,5.1,0.078,90
Mike James,PG,28,DET,26,0,19.7,2.3,5.7,0.401,0.8,2.1,0.364,1.5,3.5,0.424,0.469,1.0,1.2,0.844,0.3,1.9,2.2,3.7,1.0,0.0,1.6,1.7,6.3,0.374,32.0,0.1,0.2,0.1,11.1,1.0,0.218,0.1,1.8,0.4,14.3,2.8,20.3,6.6,0.512,18.4,0.3,1.4,0.13,74
Antawn Jamison,SF,27,DAL,82,2,29.0,6.0,11.1,0.535,0.2,0.5,0.4,5.8,10.6,0.541,0.543,2.7,3.6,0.748,2.8,3.5,6.3,0.9,1.0,0.4,1.0,2.1,14.8,0.044,4.7,0.9,1.4,-1.9,13.5,1.0,0.322,3.4,10.4,8.1,21.2,1.8,7.2,11.9,0.581,20.7,2.1,9.0,0.183,83
Antawn Jamison,SF,27,DAL,82,2,29.0,6.0,11.1,0.535,0.2,0.5,0.4,5.8,10.6,0.541,0.543,2.7,3.6,0.748,2.8,3.5,6.3,0.9,1.0,0.4,1.0,2.1,14.8,0.044,4.7,0.9,1.4,-1.9,13.5,1.0,0.322,3.4,10.4,8.1,21.2,1.8,7.2,11.9,0.581,20.7,2.1,9.0,0.183,80
Marko Jaric,PG,25,LAC,58,50,30.3,3.2,8.2,0.388,0.9,2.6,0.34,2.3,5.6,0.41,0.441,1.3,1.7,0.733,0.8,2.3,3.0,4.8,1.6,0.3,2.0,2.3,8.5,0.314,26.3,0.8,-0.7,-0.9,8.5,0.6,0.212,0.3,2.8,0.9,12.6,2.8,18.1,5.7,0.475,16.0,0.6,1.5,0.042,80
Richard Jefferson,SF,23,NJN,82,82,38.2,6.8,13.6,0.498,0.6,1.6,0.364,6.2,12.0,0.516,0.519,4.4,5.7,0.763,1.3,4.3,5.7,3.8,1.1,0.3,2.4,2.7,18.5,0.118,18.7,0.7,2.5,0.4,13.3,4.4,0.42,2.0,4.1,6.5,18.1,1.6,13.0,8.7,0.573,22.8,3.5,11.0,0.168,85
Jared Jeffries,PF,22,WAS,82,38,23.3,2.2,5.7,0.377,0.1,0.4,0.167,2.1,5.4,0.392,0.383,1.3,2.1,0.614,2.2,3.0,5.2,1.1,0.6,0.3,1.3,2.6,5.7,0.064,8.1,1.1,-3.5,-0.2,14.7,1.2,0.365,-3.3,10.3,-0.6,8.7,1.3,16.4,12.4,0.426,15.1,-0.7,0.6,0.014,74
Anthony Johnson,PG,29,IND,73,7,21.9,2.3,5.6,0.406,0.6,1.7,0.336,1.7,4.0,0.436,0.456,1.0,1.3,0.798,0.4,1.4,1.8,2.8,0.9,0.1,1.0,1.9,6.2,0.297,21.4,0.4,-0.5,0.1,7.6,2.2,0.229,-0.6,2.0,1.4,11.6,2.2,14.2,4.8,0.497,15.6,0.6,3.6,0.109,77
Avery Johnson,PG,38,GSW,46,1,13.8,1.7,4.3,0.402,0.0,0.1,0.0,1.7,4.3,0.408,0.402,1.1,1.7,0.667,0.1,0.7,0.7,2.4,0.6,0.1,1.1,0.7,4.6,0.015,29.1,0.3,-6.6,-2.9,5.3,0.4,0.392,-3.8,0.5,-0.2,11.7,2.2,17.9,2.9,0.454,20.6,-0.7,0.2,0.016,65
DerMarr Johnson,SF,23,NYK,21,1,13.7,1.7,4.6,0.371,0.6,1.7,0.361,1.1,2.9,0.377,0.438,1.3,1.5,0.903,0.2,1.6,1.9,0.5,0.4,0.3,0.8,1.5,5.4,0.371,6.4,1.8,-3.2,-1.3,13.5,0.3,0.32,-2.0,2.0,0.1,11.5,1.5,12.6,7.8,0.511,20.5,-0.1,0.4,0.069,74
Ervin Johnson,C,36,MIN,66,47,14.6,0.8,1.6,0.534,0.0,0.0,0.0,0.8,1.5,0.539,0.534,0.3,0.4,0.607,0.9,2.6,3.5,0.4,0.4,0.7,0.5,2.4,1.9,0.01,3.5,3.2,-0.2,3.0,19.2,1.7,0.272,-3.3,7.6,0.6,8.5,1.5,20.6,13.7,0.551,7.1,0.4,2.3,0.115,65
Joe Johnson,SG,22,PHO,82,77,40.6,6.8,15.7,0.43,1.0,3.3,0.305,5.8,12.4,0.463,0.462,2.1,2.8,0.75,1.0,3.7,4.7,4.4,1.1,0.3,2.4,2.2,16.7,0.211,18.6,0.6,-0.8,-1.1,10.5,1.1,0.18,0.3,2.7,2.2,13.9,1.4,12.5,6.6,0.491,21.6,1.0,3.3,0.047,83
Dahntay Jones,SG,23,MEM,20,0,7.7,0.8,2.7,0.283,0.1,0.2,0.25,0.7,2.5,0.286,0.292,0.3,0.6,0.455,0.4,0.8,1.2,0.6,0.3,0.3,0.6,1.2,1.8,0.075,12.0,2.8,-7.8,0.2,11.9,0.2,0.208,-8.0,5.1,-0.5,2.5,1.7,17.2,8.4,0.311,20.4,-0.2,-0.4,-0.114,72
Damon Jones,PG,27,MIL,82,26,24.6,2.6,6.4,0.401,1.2,3.3,0.359,1.4,3.1,0.446,0.494,0.7,0.9,0.764,0.2,1.9,2.1,5.8,0.4,0.0,1.3,1.1,7.0,0.521,36.7,0.1,-1.9,-3.6,8.7,0.3,0.137,1.8,0.8,3.6,14.2,0.8,15.6,4.8,0.516,14.8,0.1,3.9,0.093,76
Eddie Jones,SG,32,MIA,81,81,37.0,5.8,14.3,0.409,2.2,5.9,0.37,3.7,8.4,0.437,0.486,3.4,4.1,0.835,0.5,3.3,3.8,3.2,1.1,0.4,1.6,2.8,17.3,0.414,16.1,0.9,2.3,-0.7,10.6,3.0,0.288,3.0,1.5,6.2,16.7,1.7,9.0,6.0,0.538,22.5,3.3,9.1,0.146,82
Fred Jones,SG,24,IND,81,2,18.6,1.5,3.8,0.395,0.3,1.1,0.303,1.2,2.7,0.432,0.439,1.5,1.8,0.832,0.3,1.2,1.6,2.1,0.8,0.2,0.9,1.6,4.9,0.286,18.7,0.9,-0.1,0.8,8.0,2.3,0.479,-0.9,1.9,1.7,11.8,2.4,16.2,4.9,0.527,14.1,0.7,4.0,0.126,76
Fred Jones,SG,24,IND,81,2,18.6,1.5,3.8,0.395,0.3,1.1,0.303,1.2,2.7,0.432,0.439,1.5,1.8,0.832,0.3,1.2,1.6,2.1,0.8,0.2,0.9,1.6,4.9,0.286,18.7,0.9,-0.1,0.8,8.0,2.3,0.479,-0.9,1.9,1.7,11.8,2.4,16.2,4.9,0.527,14.1,0.7,4.0,0.126,76
James Jones,SF,23,IND,6,0,4.3,0.3,1.5,0.222,0.2,0.7,0.25,0.2,0.8,0.2,0.278,0.3,0.3,1.0,0.0,0.3,0.3,0.0,0.2,0.0,0.0,0.2,1.2,0.444,0.0,0.0,-9.6,-3.5,9.2,0.0,0.222,-6.1,0.0,0.0,4.9,2.1,0.0,4.5,0.354,17.9,0.0,0.0,0.01,72
Jumaine Jones,SG,24,BOS,42,2,8.9,0.8,2.3,0.344,0.3,1.0,0.295,0.5,1.2,0.385,0.411,0.3,0.5,0.609,0.6,1.0,1.6,0.3,0.3,0.2,0.5,1.1,2.2,0.458,5.9,1.9,-4.1,-0.7,13.2,0.3,0.24,-3.5,7.5,-0.2,7.6,1.7,15.2,10.4,0.438,15.2,-0.2,0.1,0.019,74
Chris Kaman,C,21,LAC,82,61,22.5,2.4,5.3,0.46,0.0,0.0,0.0,2.4,5.3,0.462,0.46,1.2,1.7,0.697,1.5,4.1,5.6,1.0,0.3,0.9,1.9,2.6,6.1,0.005,7.7,2.9,-3.8,0.1,20.9,0.9,0.326,-4.0,7.7,-0.9,9.6,0.7,23.8,14.2,0.502,15.7,-0.9,0.0,0.001,72
Jason Kapono,SF,22,CLE,41,3,10.4,1.3,3.1,0.403,0.5,1.1,0.477,0.8,2.1,0.365,0.484,0.5,0.6,0.833,0.5,0.9,1.3,0.3,0.3,0.0,0.5,1.0,3.5,0.341,5.3,0.3,-4.1,-2.6,9.3,0.2,0.186,-1.5,4.9,0.3,10.2,1.6,13.1,7.1,0.519,16.8,-0.2,0.5,0.056,70
Jason Kidd,PG,30,NJN,67,66,36.6,5.5,14.3,0.384,1.4,4.4,0.321,4.1,9.9,0.411,0.433,3.1,3.7,0.827,1.3,5.1,6.4,9.2,1.8,0.2,3.2,1.6,15.5,0.306,44.8,0.4,4.5,1.5,16.5,4.4,0.26,3.1,4.1,2.8,19.7,2.7,16.7,10.3,0.485,24.6,4.1,7.2,0.141,92
Andrei Kirilenko,PF,22,UTA,78,78,37.1,5.3,11.9,0.443,0.9,2.6,0.338,4.4,9.4,0.471,0.479,5.0,6.4,0.79,2.9,5.2,8.1,3.1,1.9,2.8,2.8,2.2,16.5,0.216,15.7,6.3,8.2,4.7,17.5,5.0,0.533,3.6,9.5,6.5,22.6,2.9,15.8,13.5,0.559,21.9,7.5,11.6,0.192,88
Kerry Kittles,SG,29,NJN,82,82,34.7,5.3,11.7,0.453,1.2,3.4,0.351,4.1,8.3,0.493,0.503,1.3,1.7,0.787,0.7,3.3,4.0,2.5,1.5,0.5,1.2,1.8,13.1,0.288,12.9,1.1,1.5,1.0,11.2,4.5,0.142,0.5,2.3,3.1,14.7,2.4,8.5,6.8,0.526,18.4,2.5,7.6,0.128,79
Brevin Knight,PG,28,MIL,21,1,20.0,2.2,5.0,0.438,0.0,0.1,0.333,2.1,4.9,0.441,0.443,1.4,1.8,0.789,0.1,2.1,2.3,4.7,1.4,0.0,1.2,2.7,5.9,0.029,36.4,0.0,0.1,-0.2,12.2,0.5,0.362,0.3,0.8,0.6,15.8,3.6,17.0,6.5,0.505,15.8,0.2,1.1,0.127,76
Kyle Korver,SF,22,PHI,74,0,11.9,1.6,4.4,0.352,1.1,2.8,0.391,0.5,1.6,0.283,0.476,0.3,0.3,0.792,0.4,1.1,1.5,0.5,0.3,0.1,0.6,1.4,4.5,0.633,8.3,0.7,-2.6,-2.3,10.7,0.8,0.073,-0.3,4.0,0.2,10.1,1.5,10.8,7.4,0.489,20.2,-0.1,1.0,0.054,75
Toni Kukoc,PF,35,MIL,73,0,20.8,2.9,6.9,0.417,0.7,2.3,0.292,2.2,4.6,0.479,0.465,2.0,2.7,0.729,0.8,2.9,3.7,2.7,0.8,0.3,1.5,1.5,8.4,0.332,21.5,1.0,1.8,0.1,15.7,1.3,0.393,1.6,4.5,1.7,16.1,2.0,15.6,10.1,0.519,21.0,1.4,3.1,0.096,77
Christian Laettner,PF,34,WAS,48,18,20.5,2.5,5.3,0.465,0.1,0.4,0.286,2.4,4.9,0.481,0.477,0.8,1.0,0.8,1.0,3.8,4.8,1.9,0.8,0.6,0.9,2.1,5.9,0.082,15.7,2.1,0.1,1.5,21.3,1.1,0.195,-1.4,5.5,1.1,14.5,2.0,13.1,13.2,0.511,14.4,0.5,2.3,0.111,72
Raef LaFrentz,C,27,BOS,17,1,19.3,3.4,7.3,0.46,0.5,2.4,0.2,2.9,4.9,0.583,0.492,0.6,0.8,0.769,1.8,2.9,4.6,1.4,0.5,0.8,0.6,2.8,7.8,0.323,13.4,3.1,1.5,0.1,16.8,0.3,0.105,1.4,10.7,0.6,16.8,1.3,7.8,13.8,0.509,19.5,0.3,0.9,0.137,78
Maciej Lampe,C,18,PHO,21,0,10.7,2.0,4.2,0.489,0.0,0.2,0.0,2.0,4.0,0.512,0.489,0.5,0.6,0.769,0.4,1.7,2.1,0.4,0.1,0.1,0.7,1.3,4.6,0.045,7.2,1.0,-6.9,-2.9,17.9,0.1,0.148,-4.0,4.6,0.0,12.2,0.7,13.8,11.2,0.512,21.9,-0.3,0.1,0.029,67
Voshon Lenard,SG,30,DEN,73,70,30.6,5.4,12.8,0.422,1.5,4.0,0.367,3.9,8.8,0.447,0.479,2.0,2.5,0.791,0.6,2.1,2.7,2.1,0.8,0.2,1.4,2.4,14.2,0.31,11.6,0.4,-1.4,-2.4,7.9,1.2,0.195,0.9,2.3,2.8,13.5,1.4,9.1,5.1,0.512,21.9,0.3,4.0,0.086,75
Rashard Lewis,SF,24,SEA,80,80,36.6,6.7,15.4,0.435,1.8,4.8,0.376,4.9,10.5,0.463,0.494,2.6,3.4,0.763,1.7,4.8,6.5,2.2,1.2,0.7,1.7,2.9,17.8,0.314,10.7,1.4,1.4,-0.9,15.4,1.3,0.22,2.2,5.4,5.2,17.5,1.8,9.1,10.4,0.527,23.4,2.5,6.5,0.107,84
Raul Lopez,PG,23,UTA,82,11,19.7,2.7,6.3,0.431,0.3,1.0,0.294,2.4,5.3,0.458,0.456,1.2,1.4,0.863,0.3,1.6,1.9,3.7,0.8,0.0,2.1,2.4,7.0,0.164,34.8,0.1,-3.5,-2.3,10.2,1.2,0.226,-1.2,1.8,0.1,12.0,2.1,23.4,5.9,0.503,21.4,-0.6,1.4,0.041,74
Tyronn Lue,PG,26,ORL,76,69,30.7,4.1,9.4,0.433,1.1,2.8,0.383,3.0,6.6,0.453,0.489,1.3,1.7,0.771,0.3,2.1,2.5,4.2,0.8,0.1,1.6,2.4,10.5,0.293,22.7,0.2,-2.7,-3.2,8.0,-0.6,0.183,0.5,1.2,2.7,12.6,1.4,13.8,4.5,0.518,17.4,-0.4,2.1,0.042,73
George Lynch,SF,33,NOH,78,51,21.8,1.9,4.8,0.397,0.6,1.8,0.309,1.4,3.0,0.449,0.455,0.4,0.7,0.667,1.2,2.8,4.0,1.5,0.6,0.2,0.8,2.0,4.8,0.371,11.3,0.8,-1.3,0.5,14.9,1.6,0.136,-1.8,6.3,0.9,9.7,1.5,13.9,10.5,0.472,12.4,0.3,2.5,0.072,73
George Lynch,SF,33,NOH,78,51,21.8,1.9,4.8,0.397,0.6,1.8,0.309,1.4,3.0,0.449,0.455,0.4,0.7,0.667,1.2,2.8,4.0,1.5,0.6,0.2,0.8,2.0,4.8,0.371,11.3,0.8,-1.3,0.5,14.9,1.6,0.136,-1.8,6.3,0.9,9.7,1.5,13.9,10.5,0.472,12.4,0.3,2.5,0.072,70
Mark Madsen,C,28,MIN,72,12,17.3,1.4,2.8,0.495,0.0,0.1,0.0,1.4,2.8,0.51,0.495,0.8,1.6,0.483,1.9,1.9,3.8,0.4,0.5,0.3,0.7,2.4,3.6,0.029,3.3,1.0,-1.2,0.5,12.0,1.5,0.578,-1.6,13.0,1.1,9.4,1.4,15.5,12.5,0.506,11.5,0.3,2.7,0.103,66
Corey Maggette,SF,24,LAC,73,72,36.0,6.2,13.9,0.447,1.0,3.2,0.329,5.2,10.7,0.482,0.485,7.2,8.5,0.848,1.3,4.6,5.9,3.1,0.9,0.2,2.8,3.0,20.7,0.228,15.8,0.4,1.8,-2.2,14.6,0.5,0.612,4.0,4.1,8.2,20.1,1.3,13.9,9.3,0.586,25.2,2.5,8.6,0.157,83
Jamaal Magloire,C,25,NOH,82,82,33.9,4.7,9.9,0.473,0.0,0.0,0.0,4.7,9.9,0.474,0.473,4.3,5.7,0.751,3.3,7.1,10.3,1.0,0.5,1.2,2.5,3.4,13.6,0.001,5.5,2.8,-1.6,0.4,24.4,3.7,0.581,-2.0,10.7,3.9,16.5,0.8,16.5,17.4,0.551,20.0,0.3,7.6,0.131,78
Stephon Marbury,PG,26,NYK,47,47,39.1,7.1,16.6,0.431,1.1,3.3,0.321,6.1,13.3,0.458,0.463,4.4,5.3,0.833,0.8,2.3,3.1,9.3,1.4,0.1,3.2,2.1,19.8,0.2,44.0,0.2,2.7,-2.2,6.6,1.0,0.322,4.9,2.5,4.5,20.9,1.9,14.6,4.6,0.523,26.3,2.2,5.5,0.144,87
Shawn Marion,SF,25,PHO,79,79,40.7,7.5,17.0,0.44,1.1,3.4,0.34,6.3,13.6,0.465,0.474,2.9,3.4,0.851,2.7,6.6,9.3,2.7,2.1,1.3,2.0,2.6,19.0,0.198,11.7,2.4,3.8,1.7,18.7,3.8,0.2,2.1,7.5,5.3,19.9,2.7,9.7,13.1,0.513,22.7,4.7,9.1,0.135,87
Donyell Marshall,PF,30,TOR,66,66,39.1,6.3,13.4,0.467,1.8,4.5,0.403,4.4,8.9,0.5,0.535,1.8,2.5,0.741,2.8,8.0,10.7,1.4,1.2,1.6,1.4,3.0,16.2,0.337,7.2,2.9,3.7,2.0,23.6,4.9,0.183,1.7,8.1,4.8,19.7,1.7,9.0,15.8,0.558,19.7,3.7,9.8,0.181,81
Kenyon Martin,PF,26,NJN,65,62,34.6,6.8,13.8,0.488,0.1,0.4,0.28,6.6,13.5,0.494,0.492,3.1,4.5,0.684,2.0,7.4,9.5,2.5,1.5,1.3,2.6,3.5,16.7,0.028,13.7,2.8,1.9,2.9,25.3,5.1,0.327,-1.0,7.0,1.5,18.7,2.3,14.0,16.2,0.528,25.0,2.2,6.7,0.142,83
Jamal Mashburn,SF,31,NOH,19,18,38.4,8.2,20.9,0.392,1.0,3.5,0.284,7.2,17.4,0.414,0.416,3.4,4.2,0.813,1.0,5.2,6.2,2.5,0.7,0.3,1.9,2.2,20.8,0.168,13.3,0.5,-3.8,-2.4,15.7,0.6,0.201,-1.4,2.9,0.1,14.7,1.0,7.9,9.1,0.457,29.4,-0.3,0.7,0.048,82
Desmond Mason,SF,26,MIL,82,31,30.9,5.0,10.6,0.472,0.1,0.5,0.231,4.9,10.1,0.483,0.477,4.3,5.6,0.769,1.1,3.2,4.4,1.9,0.7,0.3,1.8,2.3,14.4,0.045,10.2,0.7,-0.3,-1.0,11.9,1.2,0.534,0.7,4.2,4.4,15.7,1.2,12.1,8.0,0.552,21.8,1.1,5.7,0.107,78
Roger Mason,SG,23,TOR,23,3,12.4,1.3,3.8,0.356,0.5,1.4,0.364,0.8,2.3,0.352,0.425,0.8,1.0,0.864,0.0,1.2,1.2,1.0,0.4,0.3,0.8,1.3,4.0,0.379,14.5,1.5,-4.2,-0.5,11.0,0.4,0.253,-3.7,0.4,-0.1,9.7,1.9,15.7,5.7,0.481,19.5,-0.2,0.2,0.039,70
Tony Massenburg,PF,36,SAC,59,0,13.4,1.8,3.7,0.475,0.0,0.0,0.0,1.8,3.7,0.477,0.475,0.7,1.1,0.683,1.0,2.2,3.2,0.5,0.2,0.3,0.8,2.4,4.3,0.005,5.6,1.6,-4.8,-1.3,18.4,0.6,0.288,-3.6,8.4,0.3,9.7,0.9,15.4,13.5,0.509,16.7,-0.6,0.9,0.057,63
Walter McCarty,PF,29,BOS,77,23,24.7,2.6,6.8,0.388,1.8,4.8,0.374,0.9,2.0,0.42,0.519,0.8,1.1,0.756,0.4,2.7,3.1,1.6,0.9,0.3,1.2,2.3,7.9,0.7,10.6,0.9,-0.3,-0.5,12.5,1.6,0.157,0.2,1.7,1.3,10.9,2.0,14.0,7.2,0.541,15.6,0.8,2.9,0.073,68
Antonio McDyess,PF,29,PHO,24,14,21.1,2.5,5.3,0.484,0.0,0.0,,2.5,5.3,0.484,0.484,0.7,1.3,0.516,1.6,4.1,5.8,0.7,1.0,0.5,1.3,3.0,5.8,0.0,5.0,1.9,-2.3,1.2,22.4,0.6,0.246,-3.5,8.8,0.0,11.8,2.6,17.7,15.6,0.494,15.1,0.0,0.6,0.06,82
Tracy McGrady,SG,24,ORL,67,67,39.9,9.7,23.4,0.417,2.6,7.7,0.339,7.1,15.7,0.455,0.473,5.9,7.5,0.796,1.4,4.6,6.0,5.5,1.4,0.6,2.7,1.9,28.0,0.328,28.3,1.1,5.8,-2.1,13.3,0.4,0.319,7.9,3.9,8.1,25.3,1.8,9.1,8.5,0.526,33.2,5.3,8.4,0.151,96
Jeff McInnis,PG,29,CLE,31,31,35.4,4.5,10.7,0.417,1.0,2.6,0.388,3.5,8.1,0.426,0.464,1.8,2.2,0.836,0.5,2.1,2.6,7.5,1.2,0.1,1.9,2.2,11.7,0.242,35.0,0.3,-1.6,-3.0,6.6,0.4,0.202,1.4,1.7,1.8,15.3,1.7,14.1,4.1,0.503,17.1,0.1,2.3,0.1,75
Aaron McKie,SF,31,PHI,75,41,28.2,3.5,7.7,0.459,1.0,2.3,0.436,2.5,5.4,0.469,0.524,1.1,1.5,0.757,0.6,2.8,3.4,2.6,1.1,0.3,1.4,1.9,9.2,0.298,16.8,0.9,1.3,0.7,11.5,2.3,0.192,0.6,2.5,2.5,13.9,2.2,14.1,7.1,0.55,16.2,1.7,4.8,0.108,74
Stanislav Medvedenko,PF,24,LAL,68,38,21.2,3.5,7.9,0.441,0.0,0.0,0.0,3.5,7.9,0.444,0.441,1.3,1.7,0.767,2.2,2.9,5.0,0.8,0.6,0.3,0.9,2.8,8.3,0.006,6.6,0.9,-2.2,-0.8,15.5,1.6,0.216,-1.4,11.5,1.5,13.6,1.4,9.1,13.5,0.479,20.1,-0.1,3.0,0.101,68
Ron Mercer,SG,27,SAS,39,0,13.2,2.3,5.4,0.427,0.1,0.2,0.286,2.3,5.2,0.431,0.431,0.3,0.4,0.765,0.3,1.0,1.3,0.6,0.4,0.1,0.7,0.9,5.0,0.033,7.8,0.7,-5.7,-0.7,8.3,0.8,0.081,-5.0,2.2,-0.4,9.3,1.5,10.6,5.3,0.446,21.9,-0.5,0.4,0.04,72
Chris Mihm,C,24,BOS,54,16,17.4,2.4,4.7,0.5,0.0,0.0,,2.4,4.7,0.5,0.5,1.4,2.2,0.644,2.0,3.0,5.1,0.2,0.5,0.8,1.2,2.8,6.1,0.0,2.0,3.4,-4.2,-0.8,19.6,1.2,0.465,-3.4,13.6,0.8,13.8,1.5,17.5,16.6,0.539,18.0,-0.5,1.9,0.099,75
Darius Miles,SF,22,POR,42,40,28.4,5.3,10.0,0.526,0.0,0.2,0.2,5.2,9.8,0.534,0.528,2.0,2.9,0.702,1.5,3.0,4.6,2.0,1.0,0.8,1.8,2.0,12.6,0.024,12.8,2.1,0.9,0.1,12.7,0.9,0.287,0.8,6.4,2.1,18.6,2.0,13.5,9.6,0.559,21.8,0.9,3.0,0.121,75
Darko Milicic,C,18,DET,34,0,4.7,0.5,1.9,0.262,0.0,0.0,0.0,0.5,1.9,0.266,0.262,0.4,0.7,0.583,0.3,0.9,1.3,0.2,0.2,0.4,0.4,1.0,1.4,0.015,7.5,7.2,-6.8,3.4,22.9,0.5,0.369,-10.2,8.1,-0.6,6.1,2.4,14.7,15.6,0.318,26.0,-0.2,-0.2,-0.049,66
Andre Miller,PG,27,DEN,82,82,34.6,5.2,11.5,0.457,0.1,0.8,0.185,5.1,10.7,0.477,0.463,4.2,5.0,0.832,1.5,2.9,4.5,6.1,1.7,0.3,2.6,2.4,14.8,0.069,29.1,0.6,2.8,0.2,9.7,2.6,0.437,2.6,5.0,6.1,18.8,2.6,16.1,7.3,0.541,20.7,3.4,8.8,0.148,84
Brad Miller,PF,27,SAC,72,53,36.4,5.2,10.2,0.51,0.2,0.5,0.316,5.0,9.6,0.521,0.518,3.6,4.6,0.778,2.7,7.7,10.3,4.3,0.9,1.2,2.0,3.4,14.1,0.052,18.5,2.3,4.3,2.2,23.3,3.0,0.45,2.2,8.5,7.1,19.4,1.3,14.1,16.1,0.579,17.6,4.2,10.0,0.184,81
Mike Miller,SF,23,MEM,65,65,27.2,4.2,9.5,0.438,1.2,3.3,0.372,2.9,6.2,0.474,0.503,1.6,2.2,0.723,0.6,2.7,3.3,3.6,0.9,0.2,1.6,2.5,11.1,0.349,22.1,0.6,1.1,-0.7,11.2,1.4,0.229,1.9,2.7,2.5,14.9,1.8,13.6,6.9,0.532,20.0,1.4,3.9,0.107,81
Cuttino Mobley,SG,28,HOU,80,80,40.4,5.8,13.5,0.426,2.1,5.3,0.39,3.7,8.3,0.448,0.501,2.2,2.7,0.811,0.5,4.0,4.5,3.2,1.3,0.4,2.3,2.2,15.8,0.389,14.7,0.8,1.8,0.7,11.2,4.3,0.201,1.1,1.5,3.4,14.1,1.8,13.3,6.6,0.535,20.1,3.1,7.6,0.114,82
Nazr Mohammed,C,26,NYK,27,23,24.9,4.0,7.1,0.563,0.0,0.0,,4.0,7.1,0.563,0.563,1.1,2.2,0.525,2.9,4.8,7.7,0.6,1.2,0.9,1.5,3.0,9.1,0.0,4.2,2.8,1.4,1.6,22.0,1.1,0.307,-0.3,13.4,0.9,18.1,2.6,15.8,17.8,0.567,17.9,0.6,2.0,0.144,73
Jerome Moiso,PF,25,TOR,35,1,11.9,1.1,2.4,0.476,0.0,0.0,0.0,1.1,2.4,0.482,0.476,0.6,1.1,0.579,1.2,2.1,3.2,0.2,0.5,0.3,0.7,1.2,2.9,0.012,3.4,2.1,-3.5,1.3,20.0,0.8,0.452,-4.8,11.3,0.0,12.3,2.3,19.9,15.6,0.506,14.6,-0.2,0.8,0.09,62
Mikki Moore,PF,28,UTA,28,0,13.8,1.8,3.4,0.521,0.0,0.0,,1.8,3.4,0.521,0.521,1.1,1.3,0.857,1.0,1.9,2.9,0.7,0.3,0.5,0.8,2.3,4.6,0.0,8.9,2.9,-0.8,0.1,17.7,0.4,0.372,-1.0,8.9,0.7,13.7,1.0,16.7,13.2,0.585,15.9,0.1,1.0,0.131,68
Troy Murphy,PF,23,GSW,28,0,21.8,3.8,8.7,0.44,0.2,0.6,0.294,3.6,8.1,0.451,0.451,2.1,2.9,0.75,1.7,4.5,6.2,0.7,0.4,0.6,1.2,2.1,10.0,0.07,6.0,2.0,-3.4,-1.1,23.2,0.7,0.329,-2.3,8.8,0.6,16.8,1.1,10.9,16.0,0.501,23.6,-0.2,1.3,0.104,77
Lamond Murray,SF,30,TOR,33,4,15.7,2.3,6.5,0.353,0.6,1.8,0.35,1.7,4.7,0.355,0.402,0.7,1.1,0.686,0.4,2.3,2.7,0.8,0.5,0.2,1.2,1.4,6.0,0.279,10.4,1.0,-6.4,-1.1,17.0,0.7,0.163,-5.3,3.1,-1.1,8.9,1.6,14.2,10.0,0.428,25.1,-0.6,-0.3,-0.031,74
Ronald Murray,PG,24,SEA,82,18,24.6,4.7,11.2,0.425,0.8,2.8,0.293,3.9,8.4,0.469,0.462,2.0,2.9,0.715,0.5,1.9,2.5,2.5,1.0,0.3,1.8,1.9,12.4,0.25,18.5,1.0,-2.2,-2.2,9.2,0.5,0.257,0.0,2.6,1.2,15.4,2.1,12.8,5.9,0.497,26.7,-0.1,1.7,0.04,76
Bostjan Nachbar,SF,23,HOU,45,3,11.5,1.0,2.9,0.356,0.5,1.4,0.365,0.5,1.5,0.348,0.443,0.5,0.6,0.724,0.2,1.4,1.6,0.7,0.3,0.3,0.5,1.6,3.1,0.477,9.8,2.1,-2.4,0.6,13.5,0.8,0.22,-3.0,1.9,0.0,8.3,1.5,13.7,8.0,0.477,15.5,-0.1,0.8,0.071,68
Lee Nailon,SF,28,CLE,22,4,18.0,3.3,7.4,0.451,0.0,0.1,0.0,3.3,7.2,0.459,0.451,1.1,1.4,0.8,1.4,1.6,3.0,0.8,0.2,0.0,1.0,1.6,7.7,0.019,7.8,0.2,-5.6,-3.7,10.0,0.1,0.185,-1.9,8.4,0.2,12.2,0.5,10.7,9.2,0.485,22.1,-0.4,0.3,0.04,72
Eduardo Najera,SF,27,DAL,58,7,12.4,1.2,2.8,0.444,0.0,0.1,0.5,1.2,2.7,0.443,0.451,0.5,0.8,0.652,1.2,1.5,2.7,0.4,0.6,0.3,0.5,1.6,3.0,0.025,4.7,2.0,-0.8,0.5,13.8,0.5,0.284,-1.3,9.9,0.6,11.5,2.5,13.7,11.8,0.483,12.8,0.2,1.1,0.074,72
Steve Nash,PG,29,DAL,78,78,33.5,5.1,10.8,0.47,1.3,3.3,0.405,3.8,7.5,0.498,0.531,2.9,3.2,0.916,0.8,2.2,3.0,8.8,0.9,0.1,2.7,1.8,14.5,0.304,38.3,0.2,1.0,-3.7,7.4,-0.1,0.297,4.7,2.4,8.9,20.5,1.3,17.9,4.8,0.59,19.5,2.0,8.8,0.162,86
Ira Newble,SF,29,CLE,64,25,19.5,1.7,4.3,0.391,0.0,0.3,0.105,1.7,4.0,0.412,0.395,0.6,0.7,0.783,1.0,1.4,2.4,1.1,0.4,0.3,0.8,1.7,4.0,0.069,8.9,1.1,-4.0,-0.6,8.0,0.5,0.167,-3.4,5.8,-0.4,6.7,1.1,15.4,6.9,0.429,12.6,-0.6,0.1,0.004,72
Ira Newble,SF,29,CLE,64,25,19.5,1.7,4.3,0.391,0.0,0.3,0.105,1.7,4.0,0.412,0.395,0.6,0.7,0.783,1.0,1.4,2.4,1.1,0.4,0.3,0.8,1.7,4.0,0.069,8.9,1.1,-4.0,-0.6,8.0,0.5,0.167,-3.4,5.8,-0.4,6.7,1.1,15.4,6.9,0.429,12.6,-0.6,0.1,0.004,68
Moochie Norris,PG,30,NYK,36,0,12.4,1.5,3.6,0.408,0.3,1.0,0.343,1.1,2.6,0.432,0.454,1.0,1.3,0.766,0.2,0.8,1.0,2.0,0.8,0.1,0.9,1.0,4.3,0.269,27.0,0.5,-1.2,-0.9,6.9,0.5,0.362,-0.3,2.1,0.4,14.8,3.4,18.4,4.5,0.511,19.2,0.1,0.8,0.091,69
Dirk Nowitzki,C,25,DAL,77,77,37.9,7.9,17.0,0.462,1.3,3.8,0.341,6.6,13.2,0.496,0.5,4.8,5.5,0.877,1.2,7.5,8.7,2.7,1.2,1.4,1.8,2.8,21.8,0.221,11.3,2.6,3.4,0.0,22.2,2.5,0.323,3.5,3.3,9.0,22.5,1.6,8.3,12.5,0.561,24.5,4.0,11.5,0.19,90
Lamar Odom,PF,24,MIA,80,80,37.5,6.1,14.1,0.43,0.8,2.6,0.298,5.3,11.5,0.46,0.457,4.3,5.7,0.742,2.0,7.7,9.7,4.1,1.1,0.9,3.0,3.4,17.1,0.182,20.6,1.9,3.2,2.2,24.2,4.8,0.406,1.1,6.1,3.6,18.5,1.5,15.1,15.1,0.516,24.5,4.0,8.4,0.134,84
Lamar Odom,PF,24,MIA,80,80,37.5,6.1,14.1,0.43,0.8,2.6,0.298,5.3,11.5,0.46,0.457,4.3,5.7,0.742,2.0,7.7,9.7,4.1,1.1,0.9,3.0,3.4,17.1,0.182,20.6,1.9,3.2,2.2,24.2,4.8,0.406,1.1,6.1,3.6,18.5,1.5,15.1,15.1,0.516,24.5,4.0,8.4,0.134,83
Mehmet Okur,PF,24,DET,71,33,22.3,3.5,7.6,0.463,0.3,0.7,0.375,3.3,7.0,0.472,0.48,2.3,2.9,0.775,2.3,3.7,5.9,1.0,0.5,0.9,1.4,1.9,9.6,0.089,8.2,3.0,1.3,1.3,18.8,3.3,0.386,0.0,11.9,2.6,18.3,1.2,13.7,15.4,0.538,21.7,1.3,5.9,0.179,79
Kevin Ollie,PG,31,CLE,82,7,17.1,1.2,3.1,0.37,0.0,0.1,0.444,1.1,3.0,0.367,0.377,1.8,2.1,0.835,0.3,1.8,2.1,2.9,0.6,0.1,1.0,1.5,4.2,0.035,25.0,0.4,-3.2,-1.1,11.6,1.0,0.685,-2.1,1.8,1.5,12.2,1.9,19.5,6.7,0.51,13.3,-0.4,2.4,0.083,65
Michael Olowokandi,C,28,MIN,43,25,21.5,2.8,6.6,0.425,0.0,0.0,,2.8,6.6,0.425,0.425,0.8,1.4,0.59,1.8,3.9,5.7,0.6,0.4,1.6,1.3,3.2,6.5,0.0,4.1,5.3,-3.1,1.8,19.6,1.7,0.214,-5.0,10.2,-0.5,11.2,0.9,14.8,15.1,0.446,18.6,-0.3,1.2,0.061,72
Greg Ostertag,C,30,UTA,78,51,27.6,2.7,5.6,0.476,0.0,0.0,0.0,2.7,5.6,0.477,0.476,1.4,2.5,0.579,2.8,4.6,7.4,1.6,0.4,1.8,1.3,2.9,6.8,0.002,9.8,5.5,2.4,3.1,20.9,2.7,0.446,-0.7,12.6,2.3,14.3,0.8,15.9,16.7,0.506,13.4,2.4,5.0,0.111,66
Bo Outlaw,PF,32,MEM,82,1,19.6,1.9,3.8,0.51,0.0,0.0,0.0,1.9,3.8,0.516,0.51,0.7,1.4,0.526,1.5,2.6,4.2,1.1,0.9,0.9,0.8,2.1,4.6,0.013,8.7,3.2,2.0,3.2,15.4,2.2,0.372,-1.1,8.7,1.4,13.1,2.4,16.0,12.0,0.522,12.1,1.6,3.6,0.107,68
Travis Outlaw,PF,19,POR,8,0,2.4,0.4,0.9,0.429,0.0,0.0,,0.4,0.9,0.429,0.429,0.3,0.5,0.5,0.3,0.3,0.5,0.1,0.1,0.0,0.1,0.1,1.0,0.0,9.3,0.0,-4.2,-2.4,12.4,0.0,0.571,-1.8,12.6,0.0,16.4,2.9,10.2,12.5,0.457,24.3,0.0,0.0,0.067,68
Zaza Pachulia,C,19,ORL,59,2,11.3,1.2,3.0,0.389,0.0,0.0,,1.2,3.0,0.389,0.389,1.0,1.5,0.644,1.2,1.8,2.9,0.2,0.4,0.2,0.6,1.5,3.3,0.0,3.1,1.3,-6.6,-2.5,18.3,0.2,0.514,-4.1,11.5,0.1,10.8,1.7,13.7,14.9,0.452,16.9,-0.8,0.3,0.023,65
Zaza Pachulia,C,19,ORL,59,2,11.3,1.2,3.0,0.389,0.0,0.0,,1.2,3.0,0.389,0.389,1.0,1.5,0.644,1.2,1.8,2.9,0.2,0.4,0.2,0.6,1.5,3.3,0.0,3.1,1.3,-6.6,-2.5,18.3,0.2,0.514,-4.1,11.5,0.1,10.8,1.7,13.7,14.9,0.452,16.9,-0.8,0.3,0.023,71
Scott Padgett,PF,27,HOU,58,5,9.4,1.3,2.9,0.443,0.5,1.1,0.431,0.8,1.8,0.451,0.527,0.4,0.6,0.75,0.8,1.6,2.4,0.4,0.2,0.2,0.4,1.3,3.4,0.389,7.6,1.8,0.1,-0.3,19.1,0.9,0.192,0.4,10.5,1.1,15.6,1.2,10.8,15.0,0.552,17.7,0.3,1.9,0.17,72
Milt Palacio,PG,25,TOR,59,13,20.5,1.8,5.1,0.349,0.1,0.4,0.154,1.7,4.6,0.368,0.356,0.8,1.2,0.662,0.3,1.5,1.7,3.1,0.7,0.2,1.5,1.5,4.4,0.087,26.3,0.7,-6.3,-0.5,8.3,1.3,0.228,-5.8,1.4,-1.8,7.4,1.9,21.0,4.8,0.392,16.6,-1.3,-0.5,-0.02,69
Jannero Pargo,PG,24,CHI,13,1,26.5,5.1,11.8,0.429,1.5,4.1,0.377,3.5,7.8,0.455,0.494,1.8,2.1,0.852,0.6,1.5,2.1,3.6,0.5,0.4,2.3,2.9,13.5,0.344,26.5,1.1,-2.0,-3.2,6.2,0.1,0.175,1.2,2.5,0.3,14.5,1.1,15.3,4.3,0.527,25.4,0.0,0.4,0.061,68
Tony Parker,PG,21,SAS,75,75,34.4,5.6,12.6,0.447,0.8,2.7,0.312,4.8,10.0,0.483,0.48,2.5,3.6,0.702,0.6,2.6,3.2,5.5,0.8,0.1,2.4,2.0,14.7,0.21,28.7,0.2,0.8,-0.4,8.3,4.0,0.288,1.2,1.9,3.5,15.7,1.3,14.4,5.1,0.516,22.3,1.9,7.5,0.14,84
Ruben Patterson,SF,28,POR,73,1,22.6,2.7,5.4,0.506,0.0,0.2,0.167,2.7,5.2,0.517,0.509,1.4,2.6,0.553,1.8,1.9,3.7,1.9,1.2,0.3,1.4,2.1,6.9,0.03,13.9,1.0,0.9,0.8,9.9,1.3,0.481,0.1,9.4,1.7,14.6,2.8,18.0,9.6,0.53,16.7,1.2,3.0,0.087,73
Anthony Peeler,SG,34,SAC,75,0,18.5,2.1,4.6,0.448,0.9,1.9,0.482,1.2,2.8,0.425,0.546,0.7,0.8,0.836,0.4,1.6,2.0,1.6,0.7,0.1,1.0,1.4,5.7,0.405,12.8,0.5,-1.0,-0.9,9.7,0.8,0.175,-0.1,2.6,1.4,11.8,2.1,17.0,6.2,0.575,14.7,0.4,2.2,0.076,71
Kendrick Perkins,C,19,BOS,10,0,3.5,0.8,1.5,0.533,0.0,0.0,,0.8,1.5,0.533,0.533,0.6,0.9,0.667,0.5,0.9,1.4,0.3,0.0,0.2,0.5,0.6,2.2,0.0,17.4,4.4,-1.3,-0.3,28.9,0.0,0.6,-0.9,16.7,0.1,22.8,0.0,20.9,22.9,0.58,31.1,0.0,0.1,0.145,68
Wesley Person,SG,32,ATL,9,0,14.7,1.4,4.3,0.333,0.9,2.1,0.421,0.6,2.2,0.25,0.436,0.7,0.7,1.0,0.2,2.6,2.8,0.6,0.3,0.1,0.4,0.6,4.4,0.487,6.2,0.6,-5.2,-2.4,19.5,0.1,0.154,-2.7,1.7,0.1,10.6,1.2,8.8,10.7,0.48,15.7,-0.1,0.1,0.053,73
Morris Peterson,SF,26,TOR,82,29,26.2,2.9,7.2,0.405,1.5,4.1,0.371,1.4,3.0,0.453,0.513,0.9,1.1,0.809,0.4,2.8,3.2,1.4,1.1,0.2,0.8,2.5,8.3,0.579,9.5,0.5,0.7,0.5,12.2,2.8,0.16,0.2,1.9,2.1,12.1,2.3,9.9,7.0,0.539,15.7,1.5,4.9,0.11,77
Eric Piatkowski,SF,33,HOU,49,0,14.3,1.5,3.9,0.377,0.9,2.5,0.352,0.6,1.4,0.42,0.49,0.3,0.3,0.875,0.2,1.3,1.5,0.5,0.3,0.1,0.6,0.9,4.1,0.639,6.3,0.5,-3.0,-1.1,10.1,0.8,0.084,-1.9,1.8,0.1,8.7,1.2,12.8,6.1,0.507,15.4,-0.2,0.9,0.061,69
Paul Pierce,SG,26,BOS,80,80,38.7,7.5,18.7,0.402,1.4,4.8,0.299,6.1,13.9,0.438,0.441,6.5,7.9,0.819,0.9,5.7,6.5,5.1,1.6,0.7,3.8,2.9,23.0,0.257,25.1,1.3,2.1,0.2,16.4,3.4,0.422,1.8,2.6,3.7,19.4,2.2,14.6,9.6,0.517,30.5,3.2,7.1,0.109,93
Paul Pierce,SG,26,BOS,80,80,38.7,7.5,18.7,0.402,1.4,4.8,0.299,6.1,13.9,0.438,0.441,6.5,7.9,0.819,0.9,5.7,6.5,5.1,1.6,0.7,3.8,2.9,23.0,0.257,25.1,1.3,2.1,0.2,16.4,3.4,0.422,1.8,2.6,3.7,19.4,2.2,14.6,9.6,0.517,30.5,3.2,7.1,0.109,93
Mickael Pietrus,PG,21,GSW,53,22,14.1,1.8,4.4,0.416,0.7,2.0,0.333,1.2,2.4,0.484,0.491,1.0,1.4,0.693,0.9,1.3,2.2,0.5,0.6,0.2,0.8,1.9,5.3,0.455,6.1,1.2,-0.4,-0.7,10.7,0.7,0.325,0.3,7.2,0.8,12.9,2.3,13.2,9.0,0.528,18.7,0.3,1.5,0.095,76
Zoran Planinic,SG,21,NJN,49,1,9.7,1.1,2.6,0.411,0.2,0.7,0.281,0.9,2.0,0.454,0.446,0.8,1.2,0.633,0.3,0.8,1.1,1.4,0.3,0.1,0.7,1.4,3.1,0.248,23.9,0.5,-4.3,-1.4,10.2,0.6,0.465,-2.8,3.5,0.1,10.0,1.5,18.8,6.9,0.492,19.0,-0.3,0.7,0.068,68
Zoran Planinic,SG,21,NJN,49,1,9.7,1.1,2.6,0.411,0.2,0.7,0.281,0.9,2.0,0.454,0.446,0.8,1.2,0.633,0.3,0.8,1.1,1.4,0.3,0.1,0.7,1.4,3.1,0.248,23.9,0.5,-4.3,-1.4,10.2,0.6,0.465,-2.8,3.5,0.1,10.0,1.5,18.8,6.9,0.492,19.0,-0.3,0.7,0.068,71
Scot Pollard,C,28,IND,61,3,11.1,0.8,1.9,0.412,0.0,0.0,,0.8,1.9,0.412,0.412,0.2,0.3,0.571,1.1,1.6,2.7,0.2,0.4,0.4,0.4,1.8,1.7,0.0,2.4,2.9,-1.6,2.4,17.1,1.3,0.184,-4.0,11.6,0.1,8.3,1.9,15.1,14.3,0.43,10.1,0.1,1.4,0.098,70
Mark Pope,PF,31,DEN,4,0,5.0,0.3,0.5,0.5,0.0,0.0,,0.3,0.5,0.5,0.5,0.0,0.3,0.0,0.0,0.8,0.8,0.0,0.3,0.0,0.8,2.0,0.5,0.0,0.0,0.0,-13.3,-0.8,17.2,0.0,0.5,-12.5,0.0,-0.1,-9.0,2.6,55.1,8.5,0.41,11.9,-0.1,-0.1,-0.172,57
James Posey,SG,27,MEM,82,82,29.9,4.5,9.4,0.478,1.4,3.5,0.386,3.1,5.9,0.533,0.551,3.4,4.1,0.83,1.1,3.8,4.9,1.5,1.7,0.5,1.4,3.0,13.7,0.377,8.4,1.2,4.6,0.9,14.5,3.2,0.435,3.7,4.2,6.8,18.8,2.9,10.9,9.3,0.614,18.9,4.0,10.0,0.195,78
Vitaly Potapenko,C,28,SEA,65,39,21.8,3.1,6.3,0.489,0.0,0.0,,3.1,6.3,0.489,0.489,0.9,1.4,0.641,1.6,2.9,4.4,0.8,0.3,0.4,1.2,2.5,7.1,0.0,6.2,1.5,-3.6,-1.2,15.5,0.3,0.225,-2.4,8.4,0.8,11.2,0.8,14.6,12.0,0.511,17.2,-0.6,1.1,0.037,67
Tayshaun Prince,SF,23,DET,82,80,32.9,4.1,8.8,0.467,0.7,1.9,0.363,3.4,6.9,0.496,0.507,1.3,1.7,0.766,1.1,3.6,4.8,2.3,0.8,0.8,1.5,1.8,10.3,0.217,12.4,1.9,2.1,2.0,12.5,4.6,0.195,0.0,4.0,3.0,13.3,1.3,13.2,8.4,0.536,15.6,2.8,7.5,0.134,79
Joel Przybilla,C,24,ATL,12,12,26.2,1.5,4.2,0.36,0.0,0.0,,1.5,4.2,0.36,0.36,1.0,2.4,0.414,2.6,5.8,8.4,0.3,0.4,1.4,1.3,4.0,4.0,0.0,1.9,4.0,-5.9,0.3,25.0,0.3,0.58,-6.2,11.3,-0.3,7.1,0.8,20.3,18.2,0.382,11.4,-0.3,0.0,0.006,70
Vladimir Radmanovic,PF,23,SEA,77,38,30.1,4.5,10.5,0.425,1.8,4.9,0.371,2.7,5.6,0.471,0.511,1.2,1.6,0.748,1.4,3.9,5.3,1.8,1.0,0.5,1.4,2.4,12.0,0.464,10.3,1.4,1.2,-0.6,15.2,1.0,0.156,1.9,5.3,3.2,15.1,1.8,11.2,10.3,0.533,19.5,1.9,4.2,0.088,74
Zach Randolph,PF,22,POR,81,80,37.9,8.2,16.9,0.485,0.0,0.1,0.2,8.2,16.8,0.486,0.485,3.7,4.9,0.761,3.0,7.5,10.5,2.0,0.8,0.5,3.0,2.8,20.1,0.004,10.4,1.0,-0.9,-1.0,23.4,2.9,0.287,0.1,9.5,4.1,19.6,1.2,13.8,16.5,0.528,27.6,0.8,7.1,0.111,82
Zeljko Rebraca,C,31,ATL,3,0,17.0,4.0,7.7,0.522,0.0,0.0,,4.0,7.7,0.522,0.522,0.3,0.7,0.5,1.3,1.7,3.0,0.7,0.0,0.7,1.3,2.3,8.3,0.0,8.3,2.9,-6.4,-3.6,11.0,0.0,0.087,-2.8,9.0,0.0,14.1,0.0,14.3,10.0,0.523,24.9,-0.1,0.0,0.016,71
Michael Redd,SG,24,MIL,82,82,36.8,7.7,17.5,0.44,1.5,4.4,0.35,6.2,13.1,0.47,0.484,4.7,5.4,0.868,1.4,3.5,5.0,2.3,1.0,0.1,1.4,1.9,21.7,0.252,11.3,0.1,2.2,-2.2,10.9,1.3,0.306,4.4,4.4,8.4,19.9,1.4,6.6,7.7,0.544,26.3,3.2,9.7,0.154,84
Jason Richardson,SG,23,GSW,78,78,37.6,7.2,16.5,0.438,1.0,3.5,0.282,6.2,13.0,0.481,0.468,3.3,4.8,0.684,1.6,5.1,6.7,2.9,1.1,0.5,2.5,2.3,18.7,0.213,14.5,1.0,0.9,-0.1,15.4,2.7,0.294,0.9,4.7,2.6,16.8,1.6,11.9,10.1,0.504,25.8,2.1,5.2,0.085,84
Quentin Richardson,SG,23,LAC,65,64,36.0,6.5,16.4,0.398,1.8,5.2,0.352,4.7,11.2,0.42,0.454,2.3,3.1,0.74,2.2,4.1,6.4,2.1,1.0,0.3,2.2,2.0,17.2,0.319,11.2,0.6,-0.8,-2.3,13.2,0.4,0.191,1.5,7.1,2.0,15.1,1.5,10.9,10.1,0.484,24.6,0.7,2.4,0.05,80
Luke Ridnour,PG,22,SEA,69,6,16.1,2.1,5.1,0.414,0.4,1.2,0.338,1.7,3.9,0.437,0.453,0.9,1.1,0.823,0.5,1.1,1.6,2.4,0.8,0.1,1.2,1.5,5.5,0.229,23.9,0.5,-2.3,-1.8,7.7,0.2,0.226,-0.5,3.7,0.9,13.1,2.5,17.2,5.7,0.496,19.3,-0.1,1.2,0.051,77
Clifford Robinson,PF,37,GSW,82,82,34.7,4.5,11.5,0.387,1.4,3.8,0.357,3.1,7.7,0.403,0.447,1.5,2.1,0.711,0.7,3.3,3.9,3.3,0.8,0.9,2.1,2.9,11.8,0.332,16.0,1.8,-0.8,0.3,10.6,2.1,0.183,-1.0,2.1,-0.1,10.8,1.3,14.5,6.4,0.473,19.3,0.9,2.0,0.033,74
Eddie Robinson,SF,27,CHI,51,4,20.1,3.1,6.4,0.482,0.0,0.1,0.2,3.1,6.3,0.486,0.483,0.5,0.8,0.651,0.5,1.5,2.0,1.1,0.6,0.2,0.9,1.1,6.7,0.015,10.3,0.7,-3.9,-0.8,8.4,0.6,0.132,-3.1,2.8,0.2,11.0,1.7,11.5,5.5,0.497,17.0,-0.5,0.8,0.039,71
Glenn Robinson,SF,31,PHI,42,42,31.8,6.5,14.6,0.448,0.8,2.4,0.34,5.7,12.2,0.469,0.476,2.7,3.3,0.832,1.1,3.4,4.5,1.4,1.0,0.2,2.5,2.3,16.6,0.163,9.1,0.5,-2.5,-1.7,12.5,1.3,0.223,-0.9,4.1,0.3,15.0,1.7,13.6,8.3,0.518,27.4,-0.2,1.6,0.056,79
Rodney Rogers,PF,32,NJN,69,15,20.4,3.0,7.3,0.41,0.7,2.2,0.329,2.3,5.1,0.445,0.459,1.1,1.4,0.765,1.4,3.0,4.4,2.0,0.9,0.4,1.4,2.7,7.8,0.301,17.2,1.5,0.8,1.3,17.3,2.6,0.194,-0.5,8.4,0.5,14.2,2.2,15.2,12.9,0.492,21.5,1.0,3.1,0.104,73
Jalen Rose,PG,31,TOR,50,50,39.4,6.2,15.0,0.41,0.9,3.0,0.311,5.2,12.1,0.434,0.44,3.0,3.6,0.822,0.5,3.5,4.0,5.5,0.8,0.4,3.4,2.8,16.2,0.197,27.3,0.7,-1.8,-0.8,10.3,1.8,0.239,-1.1,1.6,-0.6,12.8,1.1,17.1,5.9,0.487,24.7,0.1,1.3,0.031,81
Jalen Rose,PG,31,TOR,50,50,39.4,6.2,15.0,0.41,0.9,3.0,0.311,5.2,12.1,0.434,0.44,3.0,3.6,0.822,0.5,3.5,4.0,5.5,0.8,0.4,3.4,2.8,16.2,0.197,27.3,0.7,-1.8,-0.8,10.3,1.8,0.239,-1.1,1.6,-0.6,12.8,1.1,17.1,5.9,0.487,24.7,0.1,1.3,0.031,82
Malik Rose,PF,29,SAS,67,13,18.7,2.6,6.0,0.428,0.0,0.0,0.0,2.6,6.0,0.431,0.428,2.7,3.4,0.813,1.6,3.1,4.8,1.0,0.5,0.4,1.7,2.4,7.9,0.007,9.4,1.4,-1.0,1.4,18.5,2.7,0.557,-2.4,9.9,1.1,15.0,1.5,18.2,14.2,0.526,22.6,0.3,3.8,0.145,74
Michael Ruffin,PF,27,UTA,41,23,17.9,0.9,2.9,0.325,0.0,0.0,,0.9,2.9,0.325,0.325,0.4,0.9,0.421,1.9,3.1,5.0,1.0,0.5,0.5,1.0,2.5,2.2,0.0,8.9,2.4,-1.8,2.3,22.2,1.0,0.325,-4.1,13.0,-0.8,7.0,1.7,23.9,17.5,0.344,11.2,0.0,0.2,0.014,63
Kareem Rush,SG,23,LAL,72,15,17.3,2.6,6.0,0.44,0.7,1.9,0.348,2.0,4.1,0.483,0.495,0.4,0.7,0.596,0.3,1.1,1.3,0.8,0.5,0.3,0.7,1.5,6.4,0.319,7.8,1.2,-3.0,-1.5,7.1,1.0,0.12,-1.4,1.8,0.5,10.4,1.4,9.5,4.4,0.505,18.2,-0.3,1.5,0.056,72
Bryon Russell,SF,33,LAL,72,1,13.1,1.4,3.4,0.402,0.6,1.6,0.384,0.8,1.8,0.417,0.49,0.7,0.9,0.769,0.4,1.6,2.0,1.0,0.4,0.2,0.5,1.5,4.0,0.459,11.4,0.9,-0.4,-0.1,13.9,1.1,0.266,-0.3,3.8,1.1,11.6,1.8,12.0,8.7,0.53,14.7,0.4,2.2,0.111,71
John Salmons,SG,24,PHI,77,24,20.8,2.1,5.4,0.387,0.6,1.9,0.34,1.4,3.5,0.413,0.447,0.9,1.2,0.772,0.5,2.1,2.5,1.7,0.8,0.2,1.0,1.6,5.8,0.353,14.5,0.8,-1.2,0.3,11.5,1.7,0.221,-1.5,2.8,0.4,10.6,2.1,14.4,7.2,0.485,15.6,0.3,2.1,0.064,71
Daniel Santiago,C,27,MIL,54,28,13.1,1.4,3.0,0.479,0.0,0.0,,1.4,3.0,0.479,0.479,1.1,1.7,0.678,0.6,1.8,2.4,0.4,0.4,0.4,0.6,1.8,4.0,0.0,5.3,2.2,-2.0,0.2,15.6,0.6,0.552,-2.2,5.6,0.6,11.2,1.4,13.6,10.6,0.536,15.0,0.0,1.2,0.083,63
Brian Scalabrine,PF,25,NJN,69,2,13.4,1.2,3.2,0.394,0.1,0.6,0.244,1.1,2.6,0.429,0.417,0.8,1.0,0.829,0.6,1.9,2.5,0.9,0.3,0.2,0.6,1.6,3.5,0.188,11.3,1.2,-3.2,0.4,16.6,1.4,0.321,-3.6,5.4,0.3,9.5,1.2,14.4,11.0,0.482,14.7,-0.3,1.7,0.089,69
Ansu Sesay,SF,27,SEA,57,2,10.2,1.4,3.1,0.455,0.1,0.4,0.286,1.3,2.8,0.478,0.472,0.6,0.8,0.696,0.8,0.9,1.6,0.3,0.3,0.4,0.4,1.2,3.5,0.118,5.4,2.6,-2.6,-1.2,9.8,0.2,0.258,-1.4,8.8,0.6,13.0,1.7,10.4,9.3,0.504,17.6,-0.1,0.8,0.065,68
Paul Shirley,PF,26,CHI,7,0,12.3,1.4,3.3,0.435,0.0,0.1,0.0,1.4,3.1,0.455,0.435,0.1,0.4,0.333,1.1,1.1,2.3,0.6,0.1,0.1,1.3,1.3,3.0,0.043,7.9,0.9,-8.1,-1.3,10.5,0.0,0.13,-6.7,9.9,-0.2,4.6,0.6,27.0,10.2,0.432,17.3,-0.1,-0.1,-0.083,57
Bobby Simmons,SF,23,LAC,56,8,24.6,2.6,6.7,0.394,0.0,0.2,0.167,2.6,6.4,0.402,0.397,2.5,3.0,0.834,2.1,2.6,4.7,1.7,0.9,0.3,1.3,3.0,7.8,0.032,11.5,0.9,-0.8,-0.5,12.3,0.4,0.453,-0.3,9.4,1.6,12.6,2.0,14.0,10.8,0.488,16.8,0.4,2.0,0.07,79
Brian Skinner,C,27,MIL,56,54,28.2,4.6,9.2,0.497,0.0,0.0,,4.6,9.2,0.497,0.497,1.4,2.5,0.572,2.1,5.2,7.3,0.9,0.5,1.1,1.4,2.9,10.5,0.0,5.3,2.8,-1.1,0.4,21.0,1.6,0.269,-1.5,8.6,1.2,14.4,1.0,12.0,14.8,0.513,18.7,0.4,2.7,0.083,74
Tamar Slay,SG,23,NJN,22,0,7.5,1.0,2.7,0.35,0.2,0.5,0.333,0.8,2.2,0.354,0.383,0.3,0.6,0.5,0.5,0.7,1.1,0.6,0.3,0.0,0.5,0.9,2.4,0.2,14.5,0.5,-5.4,-0.8,10.7,0.2,0.233,-4.6,7.2,-0.3,7.8,2.3,14.3,8.9,0.401,21.9,-0.1,0.0,-0.004,71
Tamar Slay,SG,23,NJN,22,0,7.5,1.0,2.7,0.35,0.2,0.5,0.333,0.8,2.2,0.354,0.383,0.3,0.6,0.5,0.5,0.7,1.1,0.6,0.3,0.0,0.5,0.9,2.4,0.2,14.5,0.5,-5.4,-0.8,10.7,0.2,0.233,-4.6,7.2,-0.3,7.8,2.3,14.3,8.9,0.401,21.9,-0.1,0.0,-0.004,67
Jabari Smith,C,26,SAC,31,0,5.4,0.8,2.3,0.371,0.0,0.1,0.0,0.8,2.2,0.388,0.371,0.4,0.6,0.6,0.4,0.6,1.0,0.4,0.1,0.2,0.2,0.8,2.1,0.043,10.4,2.5,-7.6,-2.5,13.2,0.1,0.286,-5.1,7.6,-0.1,9.2,0.6,8.2,10.5,0.406,23.1,-0.2,0.0,-0.005,64
Joe Smith,PF,28,MIL,76,76,29.7,4.1,9.3,0.439,0.0,0.1,0.2,4.1,9.3,0.441,0.44,2.7,3.2,0.859,3.0,5.4,8.5,1.0,0.6,1.2,1.1,2.8,10.9,0.007,5.6,3.0,0.7,0.7,20.8,2.3,0.34,0.0,11.6,4.0,16.6,1.1,9.2,16.2,0.51,18.0,1.5,6.3,0.134,76
Steve Smith,SG,34,NOH,71,4,13.1,1.7,4.1,0.406,0.6,1.5,0.402,1.1,2.6,0.409,0.48,1.1,1.2,0.928,0.4,0.8,1.1,0.8,0.2,0.1,0.6,1.3,5.0,0.365,10.6,0.5,-3.6,-2.9,6.8,0.4,0.283,-0.7,3.2,1.5,11.8,0.9,11.3,5.0,0.543,18.3,-0.4,1.9,0.099,72
Eric Snow,PG,30,PHI,82,82,36.2,3.6,8.7,0.413,0.0,0.2,0.111,3.6,8.5,0.42,0.414,3.1,3.9,0.797,0.8,2.7,3.4,6.9,1.2,0.1,2.3,2.6,10.3,0.025,33.0,0.2,-1.2,-0.7,8.6,2.3,0.442,-0.5,2.5,3.2,13.5,1.8,18.0,5.6,0.494,16.5,0.6,5.5,0.09,74
Darius Songaila,PF,25,SAC,73,7,13.4,1.8,3.7,0.487,0.0,0.0,,1.8,3.7,0.487,0.487,1.0,1.2,0.807,1.2,1.8,3.1,0.7,0.6,0.2,0.6,1.7,4.6,0.0,7.6,0.9,-1.0,-0.4,15.2,0.9,0.322,-0.6,10.8,1.7,14.6,2.2,12.1,13.1,0.541,16.4,0.3,2.6,0.129,70
Latrell Sprewell,SF,33,MIN,82,82,37.8,6.3,15.4,0.409,1.2,3.6,0.331,5.1,11.8,0.433,0.448,2.9,3.6,0.814,0.7,3.1,3.8,3.5,1.1,0.3,1.9,1.2,16.8,0.236,15.4,0.5,-0.5,-0.7,8.9,3.2,0.233,0.2,2.2,2.5,14.7,1.5,10.2,5.7,0.493,23.6,1.2,5.7,0.088,80
Jerry Stackhouse,SF,29,WAS,26,17,29.8,4.9,12.3,0.399,0.9,2.5,0.354,4.0,9.8,0.41,0.435,3.2,4.0,0.806,0.6,3.0,3.6,4.0,0.9,0.1,3.4,1.9,13.9,0.202,25.1,0.3,-3.5,-2.2,11.6,0.4,0.321,-1.3,2.3,-0.2,13.2,1.6,19.4,6.8,0.494,26.0,-0.3,0.2,0.013,82
DeShawn Stevenson,SF,22,ORL,26,24,35.9,4.4,11.0,0.404,0.5,1.6,0.293,4.0,9.4,0.422,0.425,1.9,2.7,0.69,1.4,3.2,4.6,2.5,0.9,0.0,1.5,2.1,11.2,0.144,11.6,0.1,-3.2,-1.9,10.4,-0.2,0.249,-1.3,4.3,0.2,10.5,1.4,11.2,7.3,0.46,17.3,-0.3,0.0,0.002,71
Michael Stewart,C,28,BOS,17,0,4.2,0.1,0.3,0.4,0.0,0.0,,0.1,0.3,0.4,0.4,0.1,0.1,0.5,0.2,0.5,0.6,0.0,0.1,0.1,0.1,0.8,0.3,0.0,0.0,2.2,-8.2,-1.2,12.7,0.0,0.4,-7.0,4.9,0.0,1.5,0.7,25.4,8.9,0.425,5.0,-0.1,0.0,0.009,61
Peja Stojakovic,SF,26,SAC,81,81,40.3,8.2,17.1,0.48,3.0,6.8,0.433,5.2,10.3,0.511,0.566,4.9,5.2,0.927,1.1,5.1,6.3,2.1,1.3,0.2,1.9,2.0,24.2,0.4,9.1,0.3,3.7,-1.9,14.1,2.1,0.307,5.6,3.2,11.4,21.8,1.7,8.9,8.8,0.624,23.9,4.7,13.5,0.198,85
Damon Stoudamire,PG,30,POR,82,82,38.0,5.0,12.4,0.401,1.9,5.2,0.365,3.1,7.2,0.426,0.477,1.5,1.8,0.876,0.6,3.1,3.8,6.1,1.2,0.1,2.2,2.1,13.4,0.419,27.0,0.2,0.6,-1.5,9.7,1.4,0.142,2.2,2.0,4.5,14.8,1.8,14.3,5.9,0.508,19.2,2.1,5.9,0.091,78
Erick Strickland,PG,30,MIL,43,0,13.3,1.8,4.6,0.403,0.7,1.5,0.439,1.2,3.0,0.385,0.477,1.0,1.2,0.863,0.3,1.3,1.7,2.1,0.6,0.0,1.3,1.5,5.4,0.337,25.7,0.3,-0.6,-1.2,11.5,0.4,0.26,0.6,2.6,0.4,14.0,2.4,19.8,7.1,0.529,21.6,0.2,0.8,0.069,70
Rod Strickland,PG,37,TOR,15,1,18.8,1.9,5.6,0.333,0.0,0.2,0.0,1.9,5.4,0.346,0.333,1.0,1.5,0.682,0.7,1.8,2.5,3.9,0.5,0.3,1.2,1.1,4.7,0.036,37.0,1.0,-4.5,-0.6,11.1,0.3,0.262,-3.9,4.1,-0.2,11.8,1.6,16.1,7.5,0.379,19.2,-0.2,0.1,0.019,68
Bruno Sundov,C,23,NYK,1,0,4.0,1.0,1.0,1.0,0.0,0.0,,1.0,1.0,1.0,1.0,0.0,0.0,,0.0,0.0,0.0,1.0,0.0,0.0,0.0,2.0,2.0,0.0,52.7,0.0,-8.5,-14.9,0.0,0.0,0.0,6.3,0.0,0.0,22.4,0.0,0.0,0.0,1.0,11.6,0.0,0.0,0.424,58
Bob Sura,SG,30,ATL,27,18,35.4,4.9,11.6,0.42,0.4,1.6,0.279,4.4,10.0,0.442,0.439,4.6,5.8,0.783,2.6,5.7,8.3,5.3,0.9,0.2,2.4,2.7,14.7,0.138,26.3,0.4,2.3,-0.2,17.9,0.6,0.503,2.5,8.4,2.0,18.5,1.4,14.8,13.2,0.521,21.3,1.0,2.6,0.13,77
Stromile Swift,PF,24,MEM,77,10,19.8,3.5,7.4,0.469,0.0,0.1,0.25,3.5,7.4,0.471,0.47,2.5,3.4,0.725,1.8,3.1,4.9,0.5,0.7,1.5,1.1,2.4,9.4,0.007,4.4,5.6,-0.1,1.2,17.7,2.4,0.459,-1.3,10.3,2.4,19.2,1.9,11.4,14.0,0.53,22.8,0.7,4.8,0.15,77
Wally Szczerbiak,SF,26,MIN,28,0,22.2,3.8,8.4,0.449,0.7,1.6,0.435,3.1,6.8,0.453,0.492,1.9,2.3,0.828,0.9,2.3,3.1,1.2,0.4,0.0,1.0,1.5,10.2,0.195,8.9,0.1,-2.0,-2.0,11.2,0.6,0.271,0.1,4.7,1.0,15.3,1.0,9.6,8.1,0.539,22.1,0.0,1.6,0.126,80
Maurice Taylor,PF,27,HOU,75,10,27.7,4.9,10.2,0.48,0.0,0.0,0.0,4.9,10.2,0.481,0.48,1.7,2.3,0.736,1.7,3.4,5.1,1.4,0.6,0.6,2.0,3.4,11.5,0.003,10.1,1.7,-1.7,0.4,13.6,2.8,0.227,-2.1,7.8,0.9,13.6,1.1,15.0,10.9,0.512,22.7,0.1,3.7,0.085,73
Jason Terry,PG,26,ATL,81,78,37.3,6.2,14.8,0.417,1.8,5.2,0.347,4.4,9.6,0.455,0.478,2.7,3.2,0.827,0.6,3.5,4.1,5.4,1.5,0.2,2.8,2.4,16.8,0.352,26.6,0.4,0.9,-1.5,10.6,1.5,0.217,2.4,1.9,3.6,16.2,2.2,14.9,6.3,0.519,23.2,2.2,5.1,0.08,85
Etan Thomas,C,25,WAS,79,15,24.1,3.3,6.7,0.489,0.0,0.0,,3.3,6.7,0.489,0.489,2.4,3.7,0.647,2.3,4.4,6.7,0.9,0.5,1.6,1.4,2.8,8.9,0.0,6.4,4.7,-0.9,1.0,20.9,2.1,0.561,-1.9,10.5,2.5,16.4,1.0,14.7,15.6,0.538,17.9,0.5,4.5,0.115,72
Kenny Thomas,PF,26,PHI,74,72,36.5,5.1,11.0,0.469,0.0,0.1,0.2,5.1,10.9,0.47,0.469,3.3,4.4,0.752,3.5,6.6,10.1,1.5,1.1,0.4,2.3,3.0,13.6,0.006,7.7,1.0,0.6,1.0,21.1,3.7,0.397,-0.5,11.5,2.9,15.9,1.7,15.3,16.4,0.527,19.6,1.8,6.6,0.118,77
Kurt Thomas,PF,31,NYK,80,75,31.9,4.9,10.4,0.473,0.0,0.0,0.0,4.9,10.3,0.475,0.473,1.3,1.6,0.835,1.8,6.5,8.3,1.9,0.7,1.0,1.7,3.7,11.1,0.004,10.2,2.4,0.3,1.9,23.1,3.3,0.153,-1.5,6.7,1.7,14.1,1.2,13.0,15.0,0.503,18.5,1.5,5.0,0.094,78
Kurt Thomas,PF,31,NYK,80,75,31.9,4.9,10.4,0.473,0.0,0.0,0.0,4.9,10.3,0.475,0.473,1.3,1.6,0.835,1.8,6.5,8.3,1.9,0.7,1.0,1.7,3.7,11.1,0.004,10.2,2.4,0.3,1.9,23.1,3.3,0.153,-1.5,6.7,1.7,14.1,1.2,13.0,15.0,0.503,18.5,1.5,5.0,0.094,77
Tim Thomas,SF,26,NYK,24,23,31.1,5.7,12.6,0.452,1.1,2.7,0.406,4.6,10.0,0.464,0.495,3.3,4.0,0.813,1.1,3.7,4.8,1.4,1.0,0.2,1.8,2.9,15.8,0.211,8.4,0.5,-0.3,-1.4,13.6,0.6,0.317,1.0,4.1,1.2,16.7,1.7,11.1,8.9,0.547,24.2,0.3,1.8,0.118,77
Jamaal Tinsley,PG,25,IND,52,43,26.5,2.9,7.1,0.414,1.5,4.0,0.372,1.5,3.1,0.466,0.518,0.9,1.3,0.731,0.5,2.1,2.6,5.8,1.6,0.3,2.1,2.5,8.3,0.559,37.7,0.9,2.8,0.5,9.4,2.5,0.181,2.3,2.4,1.9,16.4,3.3,21.6,5.8,0.541,17.5,1.7,4.4,0.154,80
Robert Traylor,C,26,NOH,71,0,13.3,2.0,4.0,0.505,0.0,0.1,0.4,2.0,4.0,0.507,0.509,1.0,1.8,0.547,1.5,2.2,3.7,0.6,0.5,0.5,0.9,2.3,5.1,0.017,8.4,3.0,-0.6,1.1,19.4,1.5,0.446,-1.7,12.5,1.0,16.2,2.2,15.3,15.9,0.527,19.6,0.3,2.5,0.127,72
Cezary Trybanski,C,24,NYK,3,0,1.7,0.0,0.7,0.0,0.0,0.0,,0.0,0.7,0.0,0.0,0.3,0.7,0.5,0.0,0.0,0.0,0.0,0.3,0.0,0.0,0.7,0.3,0.0,0.0,0.0,-10.3,2.0,0.0,0.0,1.0,-12.3,0.0,0.0,-6.6,10.7,0.0,0.0,0.174,26.7,0.0,0.0,-0.228,62
Jake Tsakalidis,C,24,MEM,40,28,13.3,1.7,3.3,0.504,0.0,0.0,,1.7,3.3,0.504,0.504,0.9,1.5,0.59,0.9,2.3,3.2,0.5,0.2,0.6,0.6,2.0,4.3,0.0,5.5,3.0,-2.3,0.3,19.5,0.6,0.459,-2.6,7.8,0.6,12.5,0.9,12.6,13.6,0.532,15.5,0.0,1.2,0.105,67
Nikoloz Tskitishvili,PF,20,DEN,39,0,7.9,1.0,3.1,0.328,0.1,0.3,0.273,0.9,2.8,0.333,0.34,0.6,0.7,0.793,0.6,1.0,1.6,0.3,0.2,0.2,0.4,1.3,2.7,0.09,5.2,1.8,-8.2,-2.6,14.6,0.3,0.238,-5.6,8.7,-0.3,7.1,1.0,11.2,11.6,0.393,21.7,-0.5,-0.1,-0.012,68
Hedo Turkoglu,SF,24,SAS,80,44,25.9,3.3,8.1,0.406,1.3,3.0,0.419,2.0,5.1,0.399,0.484,1.4,2.0,0.708,0.7,3.8,4.5,1.9,1.0,0.4,1.2,2.1,9.2,0.374,12.5,1.1,2.2,2.2,16.3,4.5,0.25,0.0,2.8,2.2,14.1,2.1,11.6,9.7,0.516,18.1,2.2,6.7,0.155,79
Jacque Vaughn,PG,28,ATL,71,6,17.9,1.5,3.9,0.386,0.0,0.3,0.15,1.5,3.6,0.405,0.392,0.7,1.0,0.779,0.2,1.5,1.6,2.7,0.6,0.0,1.2,1.8,3.8,0.072,24.5,0.1,-6.2,-2.1,9.2,0.4,0.245,-4.1,1.1,-0.5,8.0,1.8,21.5,5.2,0.44,14.0,-1.3,0.0,-0.002,70
Jake Voskuhl,C,26,PHO,66,43,24.3,2.3,4.5,0.507,0.0,0.0,,2.3,4.5,0.507,0.507,2.0,2.7,0.74,1.9,3.3,5.2,0.9,0.6,0.4,1.2,3.9,6.6,0.0,5.4,1.2,-1.1,0.1,15.7,1.0,0.603,-1.2,8.7,2.3,11.2,1.4,16.9,12.2,0.577,12.8,0.4,3.3,0.097,66
Dwyane Wade,PG,22,MIA,61,56,34.9,6.1,13.1,0.465,0.3,0.9,0.302,5.8,12.2,0.477,0.475,3.8,5.1,0.747,1.4,2.7,4.0,4.5,1.4,0.6,3.2,2.3,16.2,0.066,25.1,1.3,1.3,0.4,9.0,2.3,0.391,0.9,4.6,2.2,17.6,2.2,17.3,6.8,0.53,25.0,1.8,4.6,0.103,92
Dajuan Wagner,SG,20,CLE,44,4,16.1,2.5,7.0,0.366,0.7,2.0,0.36,1.8,5.0,0.368,0.417,0.7,1.1,0.681,0.2,1.1,1.3,1.2,0.6,0.2,0.9,2.0,6.5,0.281,12.5,0.7,-5.7,-3.0,7.7,0.4,0.154,-2.7,1.4,-0.5,8.6,1.9,11.2,4.5,0.439,23.3,-0.7,-0.1,-0.008,72
Antoine Walker,PF,27,DAL,82,82,34.6,5.9,13.8,0.428,1.0,3.7,0.269,4.9,10.0,0.487,0.464,1.3,2.3,0.554,2.4,5.9,8.3,4.5,0.8,0.8,2.5,2.6,14.0,0.27,19.4,1.7,1.7,0.3,19.1,1.5,0.165,1.4,7.4,2.4,15.8,1.2,14.3,13.1,0.475,21.8,2.6,3.9,0.066,84
Ben Wallace,C,29,DET,81,81,37.7,3.9,9.2,0.421,0.0,0.1,0.125,3.9,9.1,0.424,0.422,1.8,3.6,0.49,4.0,8.4,12.4,1.7,1.8,3.0,1.5,2.0,9.5,0.011,7.7,6.1,5.1,6.8,25.5,9.1,0.388,-1.6,12.5,1.1,17.3,2.6,12.3,19.1,0.441,15.3,5.5,10.2,0.16,85
Gerald Wallace,SF,21,SAC,37,1,9.1,0.9,2.4,0.36,0.0,0.1,0.0,0.9,2.4,0.368,0.36,0.3,0.6,0.458,0.9,1.1,2.0,0.5,0.4,0.4,0.2,1.0,2.0,0.022,8.2,2.9,-2.2,0.8,12.8,0.3,0.27,-3.0,12.1,0.0,10.6,2.1,7.4,12.4,0.377,14.4,0.0,0.4,0.052,74
Rasheed Wallace,PF,29,DET,22,21,30.6,5.5,12.8,0.431,1.0,3.1,0.319,4.5,9.6,0.467,0.47,1.7,2.5,0.704,1.5,5.6,7.0,1.8,1.1,2.0,1.3,2.7,13.7,0.246,11.5,5.1,3.6,3.3,20.8,1.7,0.192,0.3,5.6,0.7,18.8,1.9,8.7,13.3,0.495,23.2,0.9,2.4,0.171,84
Luke Walton,PF,23,LAL,72,2,10.1,0.9,2.1,0.425,0.2,0.5,0.333,0.7,1.6,0.456,0.467,0.4,0.6,0.705,0.5,1.2,1.8,1.6,0.4,0.1,0.6,1.0,2.4,0.255,23.0,0.8,-0.5,0.5,13.8,0.9,0.288,-1.0,6.0,0.7,12.7,2.0,20.3,9.8,0.505,13.3,0.3,1.6,0.103,72
Charlie Ward,PG,33,SAS,36,0,11.8,1.3,3.6,0.346,0.7,1.9,0.368,0.6,1.7,0.323,0.442,0.1,0.2,0.667,0.1,1.3,1.3,1.3,0.5,0.1,0.8,0.9,3.3,0.523,17.3,0.5,-2.2,0.7,12.0,0.8,0.046,-2.9,0.5,-0.3,8.7,2.2,16.9,6.3,0.449,17.4,0.0,0.6,0.064,72
Earl Watson,PG,24,MEM,81,14,20.6,2.1,5.7,0.371,0.3,1.3,0.245,1.8,4.4,0.408,0.399,1.1,1.7,0.652,0.6,1.6,2.2,5.0,1.1,0.2,1.8,2.2,5.7,0.228,37.5,0.8,-1.9,-0.7,8.8,1.7,0.297,-1.2,3.3,0.1,12.8,2.9,21.8,6.0,0.438,18.1,0.0,1.8,0.052,76
Clarence Weatherspoon,PF,33,HOU,37,0,17.6,2.3,4.6,0.503,0.0,0.0,0.0,2.3,4.6,0.506,0.503,0.9,1.4,0.66,1.6,2.5,4.2,0.5,0.6,0.4,0.7,1.5,5.6,0.006,4.7,1.5,-0.9,0.6,16.2,1.1,0.31,-1.5,11.5,0.9,15.0,1.8,11.8,13.9,0.533,16.1,0.2,2.0,0.145,70
Chris Webber,PF,30,SAC,23,23,36.1,7.6,18.3,0.413,0.0,0.2,0.2,7.5,18.1,0.416,0.414,3.5,5.0,0.711,2.1,6.6,8.7,4.6,1.3,0.9,2.6,3.3,18.7,0.012,22.0,1.7,-0.3,0.7,20.3,0.9,0.271,-1.0,6.7,0.1,17.2,1.9,11.3,13.6,0.456,28.9,0.4,1.1,0.061,85
Bonzi Wells,SG,27,MEM,59,17,24.9,5.0,11.4,0.437,0.4,1.0,0.344,4.6,10.4,0.446,0.453,2.0,2.6,0.75,1.0,2.4,3.4,1.8,1.2,0.3,2.2,2.7,12.3,0.09,13.0,0.8,-2.4,-0.6,11.1,1.5,0.231,-1.8,4.3,-0.5,13.5,2.5,14.8,7.7,0.489,26.8,-0.2,1.0,0.034,81
Jiri Welsch,SG,24,BOS,81,68,26.9,3.2,7.6,0.428,0.9,2.2,0.381,2.4,5.3,0.448,0.484,1.9,2.5,0.743,0.7,2.9,3.7,2.3,1.2,0.1,1.6,2.2,9.2,0.296,14.0,0.2,-0.7,-0.1,12.2,1.9,0.337,-0.6,3.2,1.7,12.6,2.4,15.5,7.8,0.531,17.4,0.7,3.6,0.08,74
David Wesley,SG,33,NOH,61,60,32.8,5.1,13.1,0.389,1.5,4.7,0.323,3.6,8.4,0.425,0.446,2.2,3.0,0.753,0.5,1.7,2.2,2.9,1.2,0.2,1.6,2.4,14.0,0.356,16.1,0.5,-2.0,-2.0,6.2,1.4,0.228,0.1,1.6,1.4,12.6,1.9,10.2,3.8,0.483,22.4,0.0,2.8,0.067,76
David West,PF,23,NOH,71,1,13.1,1.5,3.2,0.474,0.0,0.0,0.0,1.5,3.2,0.478,0.474,0.8,1.1,0.713,1.6,2.5,4.2,0.8,0.4,0.4,0.7,1.6,3.8,0.009,11.1,2.3,0.1,1.4,22.6,1.3,0.351,-1.3,14.0,1.4,15.9,1.6,15.4,18.2,0.519,15.3,0.5,2.8,0.143,69
Jahidi White,C,27,PHO,61,17,14.1,1.6,3.1,0.524,0.0,0.0,,1.6,3.1,0.524,0.524,1.0,2.1,0.5,1.6,2.7,4.3,0.1,0.4,0.8,1.1,2.9,4.3,0.0,1.3,4.3,-4.8,-0.5,21.8,1.0,0.667,-4.3,12.8,0.2,11.9,1.5,21.0,17.3,0.534,16.2,-0.6,1.2,0.067,69
Rodney White,SF,23,DEN,72,0,13.7,3.0,6.5,0.459,0.5,1.2,0.379,2.5,5.3,0.478,0.495,1.1,1.4,0.75,0.6,1.7,2.3,0.8,0.4,0.3,1.1,1.5,7.5,0.186,11.3,1.4,-2.6,-2.1,14.1,0.9,0.222,-0.5,5.0,0.8,16.4,1.7,13.2,9.5,0.527,26.4,-0.1,1.8,0.087,61
Rodney White,SF,23,DEN,72,0,13.7,3.0,6.5,0.459,0.5,1.2,0.379,2.5,5.3,0.478,0.495,1.1,1.4,0.75,0.6,1.7,2.3,0.8,0.4,0.3,1.1,1.5,7.5,0.186,11.3,1.4,-2.6,-2.1,14.1,0.9,0.222,-0.5,5.0,0.8,16.4,1.7,13.2,9.5,0.527,26.4,-0.1,1.8,0.087,72
Chris Wilcox,C,21,LAC,65,17,20.6,3.5,6.7,0.521,0.0,0.0,0.0,3.5,6.7,0.522,0.521,1.6,2.3,0.7,1.9,2.8,4.7,0.8,0.4,0.3,1.2,2.8,8.6,0.002,7.0,1.1,-2.1,-2.2,15.4,0.3,0.344,0.0,10.5,2.3,15.3,1.1,13.7,13.0,0.557,19.3,0.0,2.6,0.094,71
Aaron Williams,C,32,NJN,72,7,18.6,2.4,4.8,0.503,0.0,0.0,0.333,2.4,4.7,0.504,0.504,1.5,2.2,0.677,1.4,2.7,4.1,1.1,0.5,0.6,1.2,2.6,6.3,0.009,10.4,2.7,-0.9,1.6,17.0,2.3,0.453,-2.4,8.9,1.1,13.2,1.4,17.8,13.0,0.549,17.5,0.4,3.4,0.122,68
Alvin Williams,SG,29,TOR,56,54,30.9,3.6,8.9,0.405,0.5,1.6,0.292,3.1,7.3,0.43,0.431,1.2,1.5,0.776,0.3,2.4,2.7,4.0,1.0,0.2,1.4,2.0,8.8,0.179,23.6,0.4,-2.4,-0.3,8.8,1.8,0.171,-2.1,1.2,0.3,11.4,1.8,12.8,5.0,0.463,17.1,-0.2,2.1,0.058,72
Eric Williams,SF,31,CLE,50,36,27.5,3.1,8.4,0.366,0.5,1.9,0.253,2.6,6.5,0.399,0.394,2.7,3.5,0.787,0.9,2.9,3.8,1.9,1.0,0.2,1.1,2.6,9.4,0.226,11.1,0.4,-2.0,-1.0,11.8,0.9,0.413,-1.0,3.5,0.9,11.2,1.8,10.3,7.7,0.471,18.1,0.0,1.9,0.065,73
Frank Williams,PG,23,NYK,56,3,12.8,1.4,3.7,0.385,0.3,1.1,0.3,1.1,2.6,0.419,0.428,0.7,0.9,0.854,0.1,0.8,0.9,2.2,0.4,0.1,1.1,1.0,3.9,0.288,27.7,0.6,-4.6,-2.2,7.2,0.5,0.231,-2.4,1.3,-0.1,10.7,1.9,21.6,4.3,0.478,19.0,-0.5,0.3,0.023,70
Jason Williams,PG,28,MEM,72,68,29.4,4.0,9.9,0.407,1.7,5.1,0.33,2.4,4.8,0.487,0.491,1.1,1.4,0.837,0.3,1.7,2.0,6.8,1.3,0.1,1.9,1.3,10.9,0.511,38.3,0.2,0.3,-2.8,6.6,1.4,0.137,3.0,1.3,3.9,16.9,2.3,15.2,3.9,0.517,19.0,1.2,5.4,0.122,82
Jerome Williams,PF,30,CHI,53,32,23.2,2.5,5.3,0.466,0.0,0.1,0.0,2.5,5.1,0.478,0.466,1.6,2.4,0.675,2.7,3.9,6.5,1.2,1.3,0.1,1.0,2.0,6.5,0.025,8.3,0.3,1.1,1.7,18.7,1.7,0.452,-0.6,12.3,1.6,15.4,3.0,13.2,15.4,0.516,14.0,1.0,3.3,0.13,72
Scott Williams,C,35,DAL,27,11,9.6,1.4,3.1,0.435,0.0,0.0,0.0,1.4,3.1,0.44,0.435,0.3,0.5,0.5,0.6,1.7,2.2,0.4,0.2,0.3,0.4,1.9,3.0,0.012,6.1,2.6,-4.9,-1.1,19.3,0.2,0.165,-3.8,6.1,0.0,9.3,1.0,9.9,12.6,0.444,17.0,-0.2,0.2,0.033,66
Corliss Williamson,PF,30,DET,79,0,19.9,3.8,7.6,0.505,0.0,0.0,,3.8,7.6,0.505,0.505,1.8,2.5,0.731,1.1,2.1,3.2,0.7,0.4,0.3,1.4,2.6,9.5,0.0,7.2,1.0,-2.6,-1.0,12.2,2.5,0.327,-1.6,6.6,1.6,14.4,1.0,14.1,9.4,0.546,23.8,-0.2,4.1,0.124,73
Kevin Willis,C,41,SAS,48,0,7.8,1.5,3.1,0.467,0.0,0.0,0.0,1.5,3.1,0.47,0.467,0.5,0.8,0.615,0.8,1.3,2.0,0.2,0.4,0.2,0.7,1.3,3.4,0.007,5.5,1.8,-2.7,1.1,18.1,1.0,0.26,-3.8,11.2,-0.1,14.9,3.0,16.1,14.7,0.491,24.7,-0.1,0.9,0.111,67
Loren Woods,C,25,MIA,38,2,13.3,1.2,2.5,0.458,0.0,0.0,,1.2,2.5,0.458,0.458,0.9,1.4,0.6,1.7,1.8,3.5,0.3,0.3,0.5,0.7,1.4,3.2,0.0,3.3,3.0,-2.4,0.5,16.1,0.6,0.573,-2.9,14.8,0.4,12.3,1.2,17.8,15.4,0.503,13.6,-0.1,1.1,0.1,69
Qyntel Woods,SF,22,POR,62,8,10.9,1.4,3.8,0.371,0.2,0.5,0.345,1.3,3.4,0.375,0.392,0.6,1.0,0.633,0.7,1.5,2.2,0.7,0.3,0.2,0.8,1.4,3.6,0.122,11.5,1.6,-5.3,-1.1,15.8,0.5,0.253,-4.3,8.2,-0.7,9.4,1.7,16.5,12.0,0.425,22.2,-0.6,-0.2,-0.012,69
Lorenzen Wright,C,28,MEM,65,46,25.8,4.0,9.0,0.439,0.0,0.1,0.0,4.0,8.9,0.442,0.439,1.5,2.0,0.733,2.2,4.6,6.8,1.1,0.7,0.9,1.2,3.0,9.4,0.009,7.2,2.5,-1.3,0.7,20.5,2.1,0.224,-2.1,9.6,1.0,14.0,1.4,10.7,15.0,0.474,19.4,0.3,3.2,0.092,75
