,first_name,last_name,age,year,team,position,games_played,games_started,minutes_played,minutes_per_game,field_goals_made,field_goals_attempted,field_goal_percentage,three_point_field_goals_made,three_point_field_goals_attempted,three_point_field_goal_percentage,two_point_field_goals_made,two_point_field_goals_attempted,two_point_field_goal_percentage,free_throws_made,free_throws_attempted,free_throw_percentage,offensive_rebounds,defensive_rebounds,assists,steals,blocks,turnovers,asisst_to_turnover_ratio,personal_fouls,points,points_per_game,rating
1208,Chris,Paul,23,2008,NOH,PG,78,78,3002,38.48717949,631,1255,0.502788845,64,176,0.363636364,567,1079,0.525486562,455,524,0.868320611,69,363,861,216,10,231,3.727272727,212,1781,22.83333333,94
1209,Deron,Williams,24,2008,UTA,PG,68,68,2505,36.83823529,463,984,0.470528455,70,226,0.309734513,393,758,0.518469657,326,384,0.848958333,24,171,725,73,20,228,3.179824561,134,1322,19.44117647,89
1210,Rajon,Rondo,22,2008,BOS,PG,80,80,2642,33.025,383,759,0.504611331,15,48,0.3125,368,711,0.517580872,172,268,0.641791045,100,316,659,149,11,209,3.153110048,193,953,11.9125,87
1211,Devin,Harris,25,2008,NJN,PG,69,69,2494,36.14492754,455,1039,0.437921078,64,220,0.290909091,391,819,0.477411477,496,605,0.819834711,30,201,476,114,13,212,2.245283019,164,1470,21.30434783,86
1212,Chauncey,Billups,32,2008,DEN,PG,79,79,2789,35.30379747,410,980,0.418367347,162,397,0.408060453,248,583,0.425385935,418,458,0.912663755,32,207,506,93,18,177,2.858757062,161,1400,17.72151899,85
1213,Tony,Parker,26,2008,SAS,PG,72,71,2456,34.11111111,639,1263,0.505938242,19,65,0.292307692,620,1198,0.517529215,284,363,0.782369146,27,196,496,67,4,186,2.666666667,110,1581,21.95833333,84
1214,Gilbert,Arenas,27,2008,WAS,PG,2,2,63,31.5,6,23,0.260869565,2,7,0.285714286,4,16,0.25,12,16,0.75,1,8,20,0,1,1,20.0,4,26,13.0,84
1215,Baron,Davis,29,2008,LAC,PG,65,60,2248,34.58461538,355,959,0.370177268,99,328,0.301829268,256,631,0.40570523,159,210,0.757142857,46,192,501,108,35,193,2.595854922,193,968,14.89230769,82
1216,Steve,Nash,34,2008,PHO,PG,74,74,2484,33.56756757,428,851,0.50293772,108,246,0.43902439,320,605,0.52892562,196,210,0.933333333,19,204,717,55,10,248,2.891129032,108,1160,15.67567568,80
1217,Derrick,Rose,20,2008,CHI,PG,81,80,3000,37.03703704,574,1208,0.475165563,16,72,0.222222222,558,1136,0.491197183,197,250,0.788,96,221,512,66,18,202,2.534653465,125,1361,16.80246914,80
1218,Jason,Kidd,35,2008,DAL,PG,81,81,2886,35.62962963,257,618,0.415857605,131,323,0.405572755,126,295,0.427118644,86,105,0.819047619,85,415,702,160,39,185,3.794594595,168,731,9.024691358,80
1219,Jameer,Nelson,26,2008,ORL,PG,42,42,1309,31.16666667,267,531,0.502824859,82,181,0.453038674,185,350,0.528571429,86,97,0.886597938,20,125,226,51,3,83,2.722891566,123,702,16.71428571,79
1220,Andre,Miller,32,2008,PHI,PG,82,82,2976,36.29268293,492,1041,0.472622478,15,53,0.283018868,477,988,0.482793522,338,409,0.826405868,123,245,534,109,14,199,2.683417085,196,1337,16.30487805,78
1221,Mike,Bibby,30,2008,ATL,PG,79,79,2740,34.6835443,437,1005,0.434825871,167,428,0.390186916,270,577,0.467937608,135,171,0.789473684,38,240,392,98,11,128,3.0625,145,1176,14.88607595,78
1222,Nate,Robinson,24,2008,NYK,PG,74,11,2209,29.85135135,449,1028,0.436770428,125,385,0.324675325,324,643,0.503888025,249,296,0.841216216,98,192,301,95,6,139,2.165467626,206,1272,17.18918919,78
1223,Kirk,Hinrich,28,2008,CHI,SG,51,4,1339,26.25490196,183,419,0.436754177,69,169,0.408284024,114,250,0.456,68,86,0.790697674,16,107,197,66,19,87,2.264367816,126,503,9.862745098,77
1224,Russell,Westbrook,20,2008,OKC,PG,82,65,2668,32.53658537,436,1095,0.398173516,35,129,0.271317829,401,966,0.415113872,349,428,0.815420561,178,221,435,110,16,274,1.587591241,191,1256,15.31707317,77
1225,Monta,Ellis,23,2008,GSW,SG,25,25,892,35.68,194,430,0.451162791,8,26,0.307692308,186,404,0.46039604,78,94,0.829787234,14,94,93,39,8,67,1.388059701,67,474,18.96,76
1226,Jose,Calderon,27,2008,TOR,PG,68,68,2333,34.30882353,320,644,0.49689441,82,202,0.405940594,238,442,0.538461538,151,154,0.980519481,16,178,607,74,7,143,4.244755245,114,873,12.83823529,75
1227,Rafer,Alston,32,2008,ORL,PG,77,76,2447,31.77922078,316,820,0.385365854,112,331,0.33836858,204,489,0.417177914,156,208,0.75,33,194,406,108,10,140,2.9,135,900,11.68831169,75
1228,Delonte,West,25,2008,CLE,SG,64,64,2152,33.625,285,624,0.456730769,91,228,0.399122807,194,396,0.48989899,90,108,0.833333333,31,172,226,94,13,92,2.456521739,125,751,11.734375,75
1229,Mike,Conley,21,2008,MEM,PG,82,61,2508,30.58536585,323,730,0.442465753,88,217,0.405529954,235,513,0.458089669,161,197,0.817258883,25,251,354,90,8,143,2.475524476,146,895,10.91463415,74
1230,T.J.,Ford,25,2008,IND,PG,74,49,2258,30.51351351,413,913,0.452354874,35,104,0.336538462,378,809,0.467243511,245,281,0.871886121,59,200,392,89,16,180,2.177777778,180,1106,14.94594595,74
1231,Raymond,Felton,24,2008,CHA,PG,82,81,3086,37.63414634,442,1083,0.408125577,59,207,0.285024155,383,876,0.437214612,219,272,0.805147059,54,256,553,126,30,228,2.425438596,191,1162,14.17073171,74
1232,Mario,Chalmers,22,2008,MIA,PG,82,82,2626,32.02439024,278,662,0.419939577,114,311,0.366559486,164,351,0.467236467,148,193,0.766839378,37,191,403,160,8,165,2.442424242,240,818,9.975609756,74
1233,Rodney,Stuckey,22,2008,DET,PG,79,65,2517,31.86075949,401,913,0.439211391,23,78,0.294871795,378,835,0.452694611,233,290,0.803448276,69,206,387,78,11,173,2.23699422,217,1058,13.39240506,73
1234,Chris,Duhon,26,2008,NYK,PG,79,78,2906,36.78481013,287,681,0.42143906,127,325,0.390769231,160,356,0.449438202,179,209,0.85645933,45,201,566,72,7,221,2.561085973,126,880,11.13924051,72
1235,Steve,Blake,28,2008,POR,PG,69,69,2188,31.71014493,277,647,0.42812983,140,328,0.426829268,137,319,0.429467085,63,75,0.84,28,145,348,69,4,108,3.222222222,126,757,10.97101449,72
1236,Jarrett,Jack,25,2008,IND,SG,82,53,2716,33.12195122,386,853,0.452520516,78,221,0.352941176,308,632,0.487341772,224,263,0.851711027,44,232,338,88,17,184,1.836956522,179,1074,13.09756098,71
1237,Aaron,Brooks,24,2008,HOU,PG,80,35,1998,24.975,316,783,0.40357599,113,309,0.365695793,203,474,0.428270042,149,172,0.86627907,33,124,238,46,8,125,1.904,152,894,11.175,71
1238,Keyon,Dooling,28,2008,NJN,PG,77,18,2074,26.93506494,261,598,0.436454849,99,235,0.421276596,162,363,0.446280992,127,154,0.824675325,24,131,270,71,8,105,2.571428571,135,748,9.714285714,71
1239,D.J.,Augustin,21,2008,CHA,PG,72,12,1908,26.5,267,621,0.429951691,108,246,0.43902439,159,375,0.424,208,233,0.892703863,17,116,250,42,2,119,2.100840336,140,850,11.80555556,70
1240,Derek,Fisher,34,2008,LAL,PG,82,82,2441,29.76829268,292,688,0.424418605,120,302,0.397350993,172,386,0.445595855,110,130,0.846153846,25,163,261,95,6,72,3.625,187,814,9.926829268,70
1241,Kyle,Lowry,22,2008,HOU,PG,77,21,1679,21.80519481,189,434,0.435483871,25,98,0.255102041,164,336,0.488095238,181,226,0.800884956,26,163,275,69,17,117,2.35042735,146,584,7.584415584,69
1242,J.J.,Barea,24,2008,DAL,SG,79,15,1600,20.25316456,246,557,0.441651706,55,154,0.357142857,191,403,0.473945409,70,93,0.752688172,36,141,269,37,5,105,2.561904762,121,617,7.810126582,69
1243,Antonio,Daniels,33,2008,NOH,PG,74,9,1021,13.7972973,99,236,0.419491525,22,60,0.366666667,77,176,0.4375,80,100,0.8,5,72,177,26,1,62,2.85483871,55,300,4.054054054,68
1244,Will,Bynum,26,2008,DET,PG,57,1,803,14.0877193,156,342,0.456140351,3,19,0.157894737,153,323,0.473684211,95,119,0.798319328,19,56,157,34,2,76,2.065789474,85,410,7.192982456,68
1245,Sebastian,Telfair,23,2008,MIN,PG,75,43,2095,27.93333333,267,697,0.383070301,73,211,0.345971564,194,486,0.399176955,131,160,0.81875,32,95,343,73,12,146,2.349315068,184,738,9.84,67
1246,Jordan,Farmar,22,2008,LAL,PG,65,0,1192,18.33846154,161,412,0.390776699,49,146,0.335616438,112,266,0.421052632,45,77,0.584415584,22,95,155,57,10,87,1.781609195,105,416,6.4,67
1247,Luke,Ridnour,27,2008,MIL,PG,72,50,2033,28.23611111,250,621,0.40257649,55,157,0.350318471,195,464,0.420258621,133,153,0.869281046,33,185,365,92,16,128,2.8515625,200,688,9.555555556,66
1248,Ronnie,Price,25,2008,UTA,PG,52,17,738,14.19230769,77,203,0.379310345,19,61,0.31147541,58,142,0.408450704,34,45,0.755555556,12,57,108,39,5,61,1.770491803,74,207,3.980769231,65
1249,Jerryd,Bayless,20,2008,POR,PG,53,0,655,12.35849057,69,189,0.365079365,7,27,0.259259259,62,162,0.382716049,83,103,0.805825243,8,49,78,16,2,56,1.392857143,81,228,4.301886792,65
1250,Beno,Udrih,26,2008,SAC,PG,73,72,2270,31.09589041,321,696,0.461206897,35,113,0.309734513,286,583,0.490566038,123,150,0.82,46,174,342,81,12,158,2.164556962,192,800,10.95890411,64
1251,Earl,Watson,29,2008,OKC,PG,68,18,1776,26.11764706,174,453,0.38410596,20,85,0.235294118,154,368,0.418478261,80,106,0.754716981,36,147,391,50,11,156,2.506410256,137,448,6.588235294,64
1252,Chris,Quinn,25,2008,MIA,PG,66,0,962,14.57575758,118,289,0.408304498,56,137,0.408759124,62,152,0.407894737,47,58,0.810344828,8,67,132,24,2,33,4.0,79,339,5.136363636,63
1253,Marcus,Banks,27,2008,TOR,PG,22,0,206,9.363636364,21,57,0.368421053,3,19,0.157894737,18,38,0.473684211,11,18,0.611111111,1,17,28,11,2,14,2.0,26,56,2.545454545,63
1254,Mike,James,33,2008,WAS,PG,61,50,1649,27.03278689,197,514,0.383268482,69,184,0.375,128,330,0.387878788,68,82,0.829268293,25,108,201,44,6,94,2.138297872,108,531,8.704918033,63
1255,Sergio,Rodriguez,22,2008,POR,PG,80,13,1225,15.3125,129,329,0.392097264,37,114,0.324561404,92,215,0.427906977,61,77,0.792207792,43,87,286,54,2,119,2.403361345,133,356,4.45,62
1256,Travis,Diener,26,2008,IND,PG,55,0,719,13.07272727,74,179,0.413407821,46,118,0.389830508,28,61,0.459016393,12,15,0.8,6,80,122,26,5,21,5.80952381,42,206,3.745454545,62
1257,Goran,Dragic,22,2008,PHO,PG,55,1,728,13.23636364,88,224,0.392857143,20,54,0.37037037,68,170,0.4,50,65,0.769230769,33,70,111,29,3,73,1.520547945,87,246,4.472727273,62
1258,Acie,Law,24,2008,ATL,PG,55,1,560,10.18181818,52,139,0.374100719,9,29,0.310344828,43,110,0.390909091,49,60,0.816666667,6,52,86,11,3,29,2.965517241,43,162,2.945454545,62
1259,Speedy,Claxton,30,2008,ATL,PG,2,0,15,7.5,2,7,0.285714286,0,0,0.0,2,7,0.285714286,1,2,0.5,0,0,3,0,0,0,0.0,1,5,2.5,61
1260,George,Hill,22,2008,SAS,PG,77,7,1270,16.49350649,150,372,0.403225806,24,73,0.328767123,126,299,0.421404682,114,146,0.780821918,30,128,136,45,21,74,1.837837838,150,438,5.688311688,61
1261,Lindsey,Hunter,38,2008,CHI,PG,28,0,266,9.5,27,82,0.329268293,16,48,0.333333333,11,34,0.323529412,3,5,0.6,2,10,37,20,1,19,1.947368421,28,73,2.607142857,61
1262,Anthony,Johnson,34,2008,ORL,PG,80,12,1481,18.5125,154,381,0.404199475,52,133,0.390977444,102,248,0.411290323,61,81,0.75308642,29,118,200,46,5,82,2.43902439,111,421,5.2625,61
1263,Anthony,Carter,33,2008,DEN,PG,78,5,1787,22.91025641,167,386,0.432642487,21,88,0.238636364,146,298,0.489932886,57,78,0.730769231,40,165,364,96,13,155,2.348387097,142,412,5.282051282,61
1264,Daniel,Gibson,22,2008,CLE,PG,75,0,1795,23.93333333,206,527,0.390891841,108,283,0.381625442,98,244,0.401639344,66,86,0.76744186,31,124,132,44,16,61,2.163934426,163,586,7.813333333,60
1265,Shaun,Livingston,23,2008,OKC,PG,12,1,231,19.25,31,60,0.516666667,0,0,0.0,31,60,0.516666667,9,10,0.9,3,25,20,7,2,9,2.222222222,12,71,5.916666667,60
1266,Chucky,Atkins,34,2008,OKC,PG,33,0,412,12.48484848,34,113,0.300884956,15,57,0.263157895,19,56,0.339285714,15,16,0.9375,5,19,59,10,2,23,2.565217391,27,98,2.96969697,60
1267,Eddie,House,30,2008,BOS,PG,81,0,1479,18.25925926,249,560,0.444642857,151,340,0.444117647,98,220,0.445454545,42,53,0.79245283,11,146,92,61,7,55,1.672727273,113,691,8.530864198,59
1268,Bobby,Brown,24,2008,MIN,PG,68,2,931,13.69117647,141,360,0.391666667,45,130,0.346153846,96,230,0.417391304,34,43,0.790697674,14,38,117,21,3,63,1.857142857,95,361,5.308823529,58
1269,Mardy,Collins,24,2008,LAC,PG,48,14,890,18.54166667,105,247,0.425101215,13,31,0.419354839,92,216,0.425925926,28,46,0.608695652,31,76,111,31,10,58,1.913793103,80,251,5.229166667,56
1270,Kevin,Ollie,36,2008,MIN,PG,50,21,850,17.0,61,150,0.406666667,0,1,0.0,61,149,0.409395973,80,96,0.833333333,13,62,117,19,4,34,3.441176471,79,202,4.04,56
1271,Royal,Ivey,27,2008,PHI,SG,71,0,861,12.12676056,69,208,0.331730769,39,114,0.342105263,30,94,0.319148936,34,43,0.790697674,19,57,43,36,7,23,1.869565217,76,211,2.971830986,55
1272,Dontell,Jefferson,25,2008,CHA,SG,6,0,84,14.0,11,22,0.5,1,2,0.5,10,20,0.5,6,9,0.666666667,1,11,9,4,1,6,1.5,9,29,4.833333333,55
1273,Kobe,Bryant,30,2008,LAL,SG,82,82,2960,36.09756098,800,1712,0.46728972,118,336,0.351190476,682,1376,0.495639535,483,564,0.856382979,90,339,399,120,37,210,1.9,189,2201,26.84146341,97
1274,Dwyane,Wade,27,2008,MIA,SG,79,79,3048,38.58227848,854,1739,0.491086832,88,278,0.316546763,766,1461,0.524298426,590,771,0.765239948,89,309,589,173,106,272,2.165441176,178,2386,30.20253165,96
1275,Brandon,Roy,24,2008,POR,SG,78,78,2903,37.21794872,633,1318,0.480273141,83,220,0.377272727,550,1098,0.500910747,416,505,0.823762376,104,266,400,88,22,152,2.631578947,127,1765,22.62820513,87
1276,Joe,Johnson,27,2008,ATL,SG,79,79,3124,39.5443038,620,1420,0.436619718,149,414,0.359903382,471,1006,0.468190855,299,362,0.825966851,65,281,455,84,19,195,2.333333333,176,1688,21.36708861,83
1277,Manu,Ginobili,31,2008,SAS,SG,44,7,1181,26.84090909,223,491,0.454175153,69,209,0.330143541,154,282,0.546099291,168,190,0.884210526,24,174,157,64,16,88,1.784090909,90,683,15.52272727,83
1278,Vince,Carter,32,2008,NJN,SG,80,80,2946,36.825,588,1345,0.437174721,151,392,0.385204082,437,953,0.458551941,335,410,0.817073171,74,336,376,82,38,166,2.265060241,234,1662,20.775,81
1279,Ray,Allen,33,2008,BOS,SG,79,79,2876,36.40506329,499,1040,0.479807692,199,486,0.409465021,300,554,0.541516245,237,249,0.951807229,66,212,218,69,13,134,1.626865672,157,1434,18.15189873,80
1280,Richard,Hamilton,30,2008,DET,SG,67,51,2279,34.01492537,466,1043,0.446788111,70,190,0.368421053,396,853,0.464243845,223,263,0.847908745,44,163,297,40,4,133,2.233082707,176,1225,18.28358209,78
1281,Ben,Gordon,25,2008,CHI,SG,82,76,2999,36.57317073,598,1315,0.454752852,173,422,0.409952607,425,893,0.475923852,330,382,0.863874346,52,231,279,71,22,200,1.395,184,1699,20.7195122,78
1282,O.J.,Mayo,21,2008,MEM,SG,82,82,3120,38.04878049,562,1283,0.438035853,145,378,0.383597884,417,905,0.460773481,247,281,0.879003559,56,252,262,91,13,226,1.159292035,204,1516,18.48780488,78
1283,Jason,Terry,31,2008,DAL,SG,74,11,2491,33.66216216,541,1168,0.463184932,167,456,0.36622807,374,712,0.525280899,198,225,0.88,39,138,251,97,20,119,2.109243697,141,1447,19.55405405,78
1284,Tracy,McGrady,29,2008,HOU,SG,35,35,1181,33.74285714,188,485,0.387628866,44,117,0.376068376,144,368,0.391304348,125,156,0.801282051,20,134,175,42,15,69,2.536231884,38,545,15.57142857,77
1285,Kevin,Martin,25,2008,SAC,SG,51,46,1947,38.17647059,341,811,0.420468557,115,277,0.415162455,226,534,0.423220974,457,527,0.867172676,29,154,138,61,8,146,0.945205479,116,1254,24.58823529,77
1286,Michael,Redd,29,2008,MIL,SG,33,32,1203,36.45454545,249,547,0.455210238,70,191,0.366492147,179,356,0.502808989,131,161,0.813664596,24,83,88,35,2,53,1.660377358,45,699,21.18181818,76
1287,Jamal,Crawford,28,2008,GSW,PG,65,65,2479,38.13846154,419,1022,0.409980431,142,394,0.360406091,277,628,0.441082803,300,344,0.872093023,23,170,288,57,13,148,1.945945946,92,1280,19.69230769,75
1288,Leandro,Barbosa,26,2008,PHO,SG,70,11,1705,24.35714286,366,759,0.482213439,90,240,0.375,276,519,0.531791908,171,194,0.881443299,34,147,162,82,7,93,1.741935484,115,993,14.18571429,75
1289,Larry,Hughes,30,2008,NYK,SG,55,20,1479,26.89090909,224,557,0.402154399,75,193,0.388601036,149,364,0.409340659,117,145,0.806896552,16,143,119,72,14,71,1.676056338,96,640,11.63636364,73
1290,Jason,Richardson,28,2008,PHO,SG,72,71,2410,33.47222222,465,974,0.477412731,129,325,0.396923077,336,649,0.517719569,153,199,0.768844221,77,242,146,76,28,95,1.536842105,146,1212,16.83333333,72
1291,Eric,Gordon,20,2008,LAC,SG,78,65,2677,34.32051282,411,901,0.456159822,131,337,0.388724036,280,564,0.496453901,299,350,0.854285714,45,156,215,78,35,164,1.31097561,172,1252,16.05128205,72
1292,J.R.,Smith,23,2008,DEN,SG,81,18,2245,27.71604938,424,950,0.446315789,180,453,0.397350993,244,497,0.490945674,205,272,0.753676471,43,254,227,78,14,150,1.513333333,190,1233,15.22222222,72
1293,Raja,Bell,32,2008,CHA,SG,67,66,2315,34.55223881,299,684,0.437134503,114,271,0.420664207,185,413,0.447941889,87,102,0.852941176,41,202,142,50,8,86,1.651162791,166,799,11.92537313,71
1294,Roger,Mason,28,2008,SAS,SG,82,71,2496,30.43902439,349,822,0.424574209,166,394,0.421319797,183,428,0.427570093,105,118,0.889830508,16,235,173,40,12,100,1.73,160,969,11.81707317,71
1295,Randy,Foye,25,2008,MIN,SG,70,61,2494,35.62857143,399,981,0.406727829,111,308,0.36038961,288,673,0.427934621,230,272,0.845588235,34,180,303,72,26,150,2.02,201,1139,16.27142857,71
1296,Ronnie,Brewer,23,2008,UTA,SF,81,80,2605,32.16049383,421,828,0.508454106,22,85,0.258823529,399,743,0.537012113,247,352,0.701704545,101,199,179,138,30,110,1.627272727,128,1111,13.71604938,70
1297,Kelenna,Azubuike,25,2008,GSW,SF,74,51,2375,32.09459459,392,845,0.463905325,94,210,0.447619048,298,635,0.469291339,185,229,0.807860262,112,258,117,57,50,95,1.231578947,183,1063,14.36486486,70
1298,Mickael,Pietrus,26,2008,ORL,SG,54,25,1329,24.61111111,176,426,0.41314554,80,223,0.358744395,96,203,0.472906404,78,110,0.709090909,44,132,65,31,24,56,1.160714286,126,510,9.444444444,69
1299,Sasha,Vujacic,24,2008,LAL,SG,80,0,1293,16.1625,155,401,0.386533666,81,223,0.3632287,74,178,0.415730337,70,76,0.921052632,19,116,113,77,7,35,3.228571429,154,461,5.7625,69
1300,Mike,Miller,28,2008,MIN,SF,73,47,2356,32.2739726,264,548,0.481751825,85,225,0.377777778,179,323,0.554179567,109,149,0.731543624,73,410,326,30,31,145,2.248275862,139,722,9.890410959,69
1301,DeShawn,Stevenson,27,2008,WAS,SG,32,25,886,27.6875,72,231,0.311688312,35,129,0.271317829,37,102,0.362745098,32,60,0.533333333,11,65,98,21,2,32,3.0625,43,211,6.59375,68
1302,Courtney,Lee,23,2008,ORL,SG,77,42,1939,25.18181818,243,540,0.45,82,203,0.403940887,161,337,0.477744807,78,94,0.829787234,18,160,91,76,14,69,1.31884058,157,646,8.38961039,68
1303,Anthony,Parker,33,2008,TOR,SG,80,71,2637,32.9625,321,754,0.425729443,94,241,0.390041494,227,513,0.442495127,121,145,0.834482759,45,272,269,100,15,114,2.359649123,145,857,10.7125,68
1304,Willie,Green,27,2008,PHI,SG,81,60,1828,22.56790123,286,658,0.434650456,51,161,0.316770186,235,497,0.472837022,62,85,0.729411765,29,97,158,53,13,64,2.46875,154,685,8.456790123,68
1305,Francisco,Garcia,27,2008,SAC,SF,65,36,1975,30.38461538,295,665,0.443609023,88,221,0.398190045,207,444,0.466216216,146,178,0.820224719,56,162,150,80,67,112,1.339285714,196,824,12.67692308,68
1306,Rudy,Fernandez,23,2008,POR,SG,78,4,1993,25.55128205,268,630,0.425396825,159,398,0.399497487,109,232,0.469827586,120,143,0.839160839,47,160,159,69,12,86,1.848837209,111,815,10.44871795,68
1307,Nick,Young,23,2008,WAS,SG,82,5,1837,22.40243902,336,756,0.444444444,56,164,0.341463415,280,592,0.472972973,164,193,0.849740933,31,119,95,39,20,92,1.032608696,140,892,10.87804878,67
1308,Shannon,Brown,23,2008,LAL,SG,48,0,477,9.9375,78,165,0.472727273,14,37,0.378378378,64,128,0.5,32,39,0.820512821,11,33,38,22,7,38,1.0,42,202,4.208333333,67
1309,Michael,Finley,35,2008,SAS,SF,81,77,2336,28.83950617,301,689,0.436865022,131,319,0.410658307,170,370,0.459459459,51,62,0.822580645,26,244,114,37,17,61,1.868852459,82,784,9.679012346,67
1310,Tony,Allen,27,2008,BOS,SG,46,2,887,19.2826087,137,284,0.482394366,6,27,0.222222222,131,257,0.509727626,79,109,0.724770642,22,82,66,54,23,77,0.857142857,98,359,7.804347826,66
1311,Charlie,Bell,29,2008,MIL,SG,70,23,1783,25.47142857,217,524,0.414122137,87,240,0.3625,130,284,0.457746479,66,80,0.825,32,102,151,50,7,76,1.986842105,138,587,8.385714286,66
1312,Maurice,Evans,30,2008,ATL,SF,80,25,1840,23.0,208,482,0.43153527,98,248,0.39516129,110,234,0.47008547,60,73,0.821917808,88,155,54,50,10,43,1.255813953,163,574,7.175,66
1313,Dahntay,Jones,28,2008,DEN,SG,79,71,1426,18.05063291,154,336,0.458333333,11,17,0.647058824,143,319,0.448275862,110,151,0.728476821,58,110,78,49,19,68,1.147058824,199,429,5.430379747,66
1314,Marco,Belinelli,22,2008,GSW,SG,42,23,882,21.0,140,317,0.441640379,52,131,0.396946565,88,186,0.47311828,40,52,0.769230769,10,61,88,36,1,59,1.491525424,73,372,8.857142857,66
1315,Brandon,Rush,23,2008,IND,SG,75,19,1803,24.04,243,575,0.422608696,78,209,0.373205742,165,366,0.450819672,46,66,0.696969697,34,199,66,38,37,75,0.88,128,610,8.133333333,65
1316,Thabo,Sefolosha,24,2008,OKC,SG,66,36,1453,22.01515152,152,357,0.425770308,24,87,0.275862069,128,270,0.474074074,61,73,0.835616438,54,188,111,75,45,64,1.734375,104,389,5.893939394,64
1317,Ricky,Davis,29,2008,LAC,SG,36,9,785,21.80555556,83,245,0.33877551,35,111,0.315315315,48,134,0.358208955,31,36,0.861111111,9,51,82,19,5,39,2.102564103,63,232,6.444444444,63
1318,Arron,Afflalo,23,2008,DET,SG,74,8,1234,16.67567568,131,300,0.436666667,43,107,0.401869159,88,193,0.455958549,58,71,0.816901408,30,104,44,28,13,43,1.023255814,144,363,4.905405405,63
1319,Quinton,Ross,27,2008,MEM,SF,68,7,1164,17.11764706,99,259,0.382239382,33,88,0.375,66,171,0.385964912,34,42,0.80952381,29,97,47,32,14,36,1.305555556,114,265,3.897058824,63
1320,Chris,Douglas-Roberts,22,2008,NJN,SG,44,3,585,13.29545455,81,176,0.460227273,3,12,0.25,78,164,0.475609756,51,62,0.822580645,14,36,52,12,7,31,1.677419355,34,216,4.909090909,62
1321,Damien,Wilkins,29,2008,OKC,SG,41,14,636,15.51219512,77,213,0.361502347,27,72,0.375,50,141,0.354609929,37,46,0.804347826,20,50,37,22,7,37,1.0,55,218,5.317073171,61
1322,Daequan,Cook,21,2008,MIA,SF,75,4,1833,24.44,242,645,0.375193798,153,395,0.387341772,89,250,0.356,49,56,0.875,19,170,71,39,10,42,1.69047619,125,686,9.146666667,61
1323,Martell,Webster,22,2008,POR,SF,1,0,5,5.0,0,1,0.0,0,1,0.0,0,0,0.0,0,0,0.0,0,0,0,0,0,0,0.0,0,0,0.0,60
1324,Kyle,Weaver,22,2008,OKC,SG,56,19,1166,20.82142857,113,246,0.459349593,32,93,0.344086022,81,153,0.529411765,41,58,0.706896552,31,99,101,47,25,69,1.463768116,81,299,5.339285714,60
1325,Antoine,Wright,24,2008,DAL,SF,65,53,1552,23.87692308,179,431,0.415313225,45,149,0.302013423,134,282,0.475177305,71,95,0.747368421,31,105,77,46,27,54,1.425925926,172,474,7.292307692,60
1326,Marko,Jaric,30,2008,MEM,SG,53,0,605,11.41509434,48,145,0.331034483,11,28,0.392857143,37,117,0.316239316,29,41,0.707317073,23,42,74,29,11,49,1.510204082,62,136,2.566037736,60
1327,Morris,Peterson,31,2008,NOH,SG,43,9,515,11.97674419,73,183,0.398907104,33,85,0.388235294,40,98,0.408163265,12,19,0.631578947,13,71,16,15,2,15,1.066666667,51,191,4.441860465,59
1328,Devin,Brown,30,2008,NOH,SG,63,5,869,13.79365079,111,313,0.354632588,28,97,0.288659794,83,216,0.384259259,78,100,0.78,31,88,54,32,5,54,1.0,81,328,5.206349206,59
1329,C.J.,Miles,21,2008,UTA,SG,72,72,1623,22.54166667,258,562,0.459074733,63,179,0.351955307,195,383,0.509138381,78,89,0.876404494,45,122,107,46,15,64,1.671875,187,657,9.125,57
1330,J.R.,Giddens,23,2008,BOS,SF,6,0,8,1.333333333,2,3,0.666666667,0,0,0.0,2,3,0.666666667,0,0,0.0,2,1,0,1,0,1,0.0,1,4,0.666666667,57
1331,Malik,Hairston,21,2008,SAS,SG,15,0,155,10.33333333,24,49,0.489795918,0,1,0.0,24,48,0.5,2,7,0.285714286,11,17,13,6,7,12,1.083333333,19,50,3.333333333,56
1332,J.J.,Redick,24,2008,ORL,SG,64,5,1111,17.359375,117,299,0.391304348,67,179,0.374301676,50,120,0.416666667,81,93,0.870967742,8,101,73,21,1,54,1.351851852,72,382,5.96875,52
1333,LeBron,James,24,2008,CLE,SF,81,81,3054,37.7037037,789,1613,0.489150651,132,384,0.34375,657,1229,0.53458096,594,762,0.779527559,106,507,587,137,93,241,2.435684647,139,2304,28.44444444,96
1334,Carmelo,Anthony,24,2008,DEN,SF,66,66,2277,34.5,535,1207,0.443247722,63,170,0.370588235,472,1037,0.455159113,371,468,0.792735043,106,344,222,75,24,199,1.115577889,195,1504,22.78787879,88
1335,Danny,Granger,25,2008,IND,SF,67,66,2424,36.17910448,571,1277,0.447141738,182,450,0.404444444,389,827,0.470374849,404,460,0.87826087,49,292,183,69,97,165,1.109090909,207,1728,25.79104478,84
1336,Paul,Pierce,31,2008,BOS,SF,81,81,3035,37.4691358,540,1181,0.457239627,119,304,0.391447368,421,877,0.48004561,459,553,0.830018083,56,401,294,80,27,228,1.289473684,215,1658,20.4691358,84
1337,Andre,Iguodala,25,2008,PHI,SF,82,82,3269,39.86585366,542,1147,0.472537053,80,261,0.30651341,462,886,0.521444695,377,521,0.723608445,92,379,434,131,36,222,1.954954955,152,1541,18.79268293,84
1338,Caron,Butler,28,2008,WAS,SG,67,67,2585,38.58208955,491,1085,0.452534562,65,210,0.30952381,426,875,0.486857143,345,402,0.858208955,118,296,290,106,20,210,1.380952381,165,1392,20.7761194,83
1339,Kevin,Durant,20,2008,OKC,SF,74,74,2885,38.98648649,661,1390,0.475539568,97,230,0.42173913,564,1160,0.486206897,452,524,0.86259542,77,405,205,96,53,225,0.911111111,134,1871,25.28378378,82
1340,Stephen,Jackson,30,2008,GSW,SF,59,59,2339,39.6440678,413,997,0.414242728,103,305,0.337704918,310,692,0.447976879,294,356,0.825842697,70,233,381,88,31,229,1.663755459,153,1223,20.72881356,81
1341,Gerald,Wallace,26,2008,CHA,SF,71,71,2669,37.5915493,389,811,0.479654747,39,131,0.297709924,350,680,0.514705882,365,454,0.803964758,112,441,189,121,67,148,1.277027027,210,1182,16.64788732,78
1342,Rudy,Gay,22,2008,MEM,SF,79,78,2945,37.27848101,572,1262,0.453248811,85,242,0.351239669,487,1020,0.47745098,264,344,0.76744186,109,328,135,98,59,203,0.665024631,221,1493,18.89873418,78
1343,Lamar,Odom,29,2008,LAL,PF,78,32,2316,29.69230769,346,703,0.492176387,33,103,0.32038835,313,600,0.521666667,160,257,0.622568093,176,461,204,77,98,138,1.47826087,235,885,11.34615385,77
1344,Josh,Howard,28,2008,DAL,SF,52,51,1663,31.98076923,353,783,0.45083014,58,168,0.345238095,295,615,0.479674797,172,220,0.781818182,59,204,83,55,30,89,0.93258427,135,936,18.0,77
1345,Tayshaun,Prince,28,2008,DET,SF,82,82,3057,37.2804878,459,1020,0.45,56,141,0.397163121,403,879,0.45847554,189,243,0.777777778,128,348,253,44,51,101,2.504950495,104,1163,14.18292683,77
1346,Hedo,Turkoglu,29,2008,ORL,SF,77,77,2815,36.55844156,423,1025,0.412682927,134,376,0.356382979,289,649,0.445300462,314,389,0.807197943,45,365,375,64,19,204,1.838235294,218,1294,16.80519481,76
1347,Shawn,Marion,30,2008,TOR,SF,69,68,2470,35.79710145,382,788,0.484771574,10,53,0.188679245,372,735,0.506122449,117,147,0.795918367,180,409,139,88,66,105,1.323809524,132,891,12.91304348,76
1348,Richard,Jefferson,28,2008,MIL,SF,82,82,2939,35.84146341,537,1222,0.439443535,116,292,0.397260274,421,930,0.452688172,417,518,0.805019305,57,317,199,66,14,165,1.206060606,252,1607,19.59756098,76
1349,Rashard,Lewis,29,2008,ORL,PF,79,79,2859,36.18987342,478,1089,0.438934803,220,554,0.397111913,258,535,0.482242991,225,269,0.836431227,92,361,205,81,51,158,1.297468354,194,1401,17.73417722,75
1350,Thaddeus,Young,20,2008,PHI,PF,75,71,2580,34.4,475,960,0.494791667,56,164,0.341463415,419,796,0.52638191,139,189,0.735449735,139,238,86,100,23,118,0.728813559,165,1145,15.26666667,75
1351,Corey,Maggette,29,2008,GSW,PF,51,19,1588,31.1372549,292,634,0.460567823,24,95,0.252631579,268,539,0.497217069,342,415,0.824096386,49,233,92,44,8,120,0.766666667,192,950,18.62745098,75
1352,Jeff,Green,22,2008,OKC,PF,78,78,2873,36.83333333,476,1068,0.445692884,96,247,0.388663968,380,821,0.462850183,242,307,0.788273616,120,399,155,81,33,173,0.895953757,202,1290,16.53846154,74
1353,Luol,Deng,23,2008,CHI,SF,49,46,1665,33.97959184,265,591,0.448392555,8,20,0.4,257,571,0.450087566,152,191,0.795811518,80,215,94,60,25,72,1.305555556,85,690,14.08163265,73
1354,Wilson,Chandler,21,2008,NYK,SF,82,70,2735,33.35365854,455,1054,0.431688805,103,314,0.328025478,352,740,0.475675676,171,215,0.795348837,91,354,170,71,75,139,1.223021583,250,1184,14.43902439,73
1355,Trevor,Ariza,23,2008,LAL,SF,82,20,1999,24.37804878,274,596,0.459731544,61,191,0.319371728,213,405,0.525925926,120,169,0.710059172,111,241,145,137,24,87,1.666666667,166,729,8.890243902,73
1356,Shane,Battier,30,2008,HOU,SG,60,59,2031,33.85,145,354,0.40960452,91,237,0.383966245,54,117,0.461538462,55,67,0.820895522,52,233,137,48,54,49,2.795918367,114,436,7.266666667,72
1357,Grant,Hill,36,2008,PHO,SF,82,68,2445,29.81707317,390,745,0.523489933,24,76,0.315789474,366,669,0.547085202,181,224,0.808035714,64,341,186,90,54,126,1.476190476,182,985,12.01219512,72
1358,Michael,Beasley,20,2008,MIA,PF,81,19,2009,24.80246914,452,957,0.4723093,33,81,0.407407407,419,876,0.478310502,186,241,0.771784232,110,329,83,41,37,121,0.685950413,184,1123,13.86419753,72
1359,James,Posey,32,2008,NOH,SG,75,0,2140,28.53333333,216,524,0.41221374,116,314,0.369426752,100,210,0.476190476,120,146,0.821917808,38,324,82,58,21,79,1.037974684,216,668,8.906666667,72
1360,John,Salmons,29,2008,CHI,SF,79,74,2959,37.4556962,516,1093,0.472095151,126,302,0.417218543,390,791,0.493046776,288,347,0.829971182,59,274,249,83,24,165,1.509090909,182,1446,18.30379747,71
1361,Luc,Mbah,22,2008,MIL,PF,82,52,2114,25.7804878,227,491,0.462321792,0,4,0.0,227,487,0.466119097,140,192,0.729166667,189,298,87,87,45,100,0.87,204,594,7.243902439,71
1362,Andrei,Kirilenko,27,2008,UTA,PF,67,10,1831,27.32835821,256,570,0.449122807,20,73,0.273972603,236,497,0.474849095,244,311,0.784565916,84,235,175,83,77,121,1.446280992,127,776,11.58208955,70
1363,Andres,Nocioni,29,2008,SAC,SF,76,18,1991,26.19736842,299,701,0.426533524,124,311,0.398713826,175,390,0.448717949,145,183,0.792349727,54,307,102,39,33,113,0.902654867,261,867,11.40789474,70
1364,Marvin,Williams,22,2008,ATL,SF,61,59,2093,34.31147541,285,622,0.458199357,55,155,0.35483871,230,467,0.492505353,220,273,0.805860806,110,272,81,57,39,70,1.157142857,127,845,13.85245902,69
1365,Travis,Outlaw,24,2008,POR,SF,81,6,2246,27.72839506,385,850,0.452941176,89,236,0.377118644,296,614,0.482084691,175,242,0.723140496,70,261,83,47,57,94,0.882978723,168,1034,12.7654321,69
1366,Corey,Brewer,22,2008,MIN,SF,15,8,307,20.46666667,37,90,0.411111111,5,12,0.416666667,32,78,0.41025641,14,19,0.736842105,18,31,25,15,3,13,1.923076923,37,93,6.2,68
1367,Anthony,Randolph,19,2008,GSW,PF,63,22,1129,17.92063492,199,431,0.461716937,0,4,0.0,199,427,0.466042155,101,141,0.716312057,128,235,49,42,74,80,0.6125,141,499,7.920634921,67
1368,Al,Thornton,25,2008,LAC,SF,71,67,2654,37.38028169,469,1051,0.446241675,20,79,0.253164557,449,972,0.461934156,236,313,0.75399361,122,246,103,59,62,130,0.792307692,227,1194,16.81690141,67
1369,Renaldo,Balkman,24,2008,DEN,PF,53,10,780,14.71698113,110,197,0.558375635,2,7,0.285714286,108,190,0.568421053,42,65,0.646153846,86,117,34,47,23,35,0.971428571,98,264,4.981132075,67
1370,Matt,Harpring,32,2008,UTA,SG,63,2,693,11.0,111,241,0.460580913,0,2,0.0,111,239,0.464435146,55,72,0.763888889,47,76,28,29,9,29,0.965517241,102,277,4.396825397,67
1371,Luke,Walton,28,2008,LAL,SF,65,34,1166,17.93846154,134,307,0.436482085,17,57,0.298245614,117,250,0.468,41,57,0.719298246,55,125,177,32,10,69,2.565217391,105,326,5.015384615,67
1372,Matt,Barnes,28,2008,PHO,PF,77,40,2082,27.03896104,285,674,0.422848665,117,341,0.343108504,168,333,0.504504505,101,136,0.742647059,79,342,212,52,26,130,1.630769231,209,788,10.23376623,66
1373,Ryan,Gomes,26,2008,MIN,SF,82,76,2614,31.87804878,420,974,0.431211499,106,285,0.371929825,314,689,0.455732946,146,181,0.806629834,106,286,135,63,22,128,1.0546875,183,1092,13.31707317,66
1374,Jamario,Moon,28,2008,MIA,SF,80,60,2068,25.85,222,474,0.46835443,65,183,0.355191257,157,291,0.5395189,68,80,0.85,58,307,95,86,60,43,2.209302326,133,577,7.2125,66
1375,Julian,Wright,21,2008,NOH,SF,54,19,772,14.2962963,109,234,0.465811966,2,21,0.095238095,107,213,0.502347418,17,30,0.566666667,46,106,43,35,19,43,1.0,49,237,4.388888889,66
1376,Dominic,McGuire,23,2008,WAS,SF,79,57,2072,26.2278481,140,324,0.432098765,2,4,0.5,138,320,0.43125,74,102,0.725490196,113,315,198,62,74,92,2.152173913,153,356,4.506329114,65
1377,Mike,Dunleavy,28,2008,IND,SG,18,14,495,27.5,93,232,0.400862069,32,90,0.355555556,61,142,0.429577465,53,65,0.815384615,14,54,44,12,9,38,1.157894737,36,271,15.05555556,64
1378,Nicolas,Batum,20,2008,POR,SF,79,76,1454,18.40506329,161,361,0.44598338,62,168,0.369047619,99,193,0.512953368,42,52,0.807692308,84,136,74,50,40,50,1.48,139,426,5.392405063,64
1379,Jared,Dudley,23,2008,PHO,SF,68,7,1155,16.98529412,136,285,0.477192982,29,74,0.391891892,107,211,0.507109005,71,105,0.676190476,82,123,56,57,8,43,1.302325581,105,372,5.470588235,63
1380,Bobby,Simmons,28,2008,NJN,SF,71,44,1729,24.35211268,198,441,0.448979592,117,262,0.446564885,81,179,0.452513966,43,58,0.74137931,72,205,92,50,10,62,1.483870968,186,556,7.830985915,63
1381,Joe,Alexander,22,2008,MIL,SF,59,0,716,12.13559322,102,245,0.416326531,16,46,0.347826087,86,199,0.432160804,58,83,0.698795181,44,71,42,15,29,52,0.807692308,107,278,4.711864407,63
1382,Dorell,Wright,23,2008,MIA,SF,6,0,73,12.16666667,8,20,0.4,0,0,0.0,8,20,0.4,2,6,0.333333333,2,18,2,2,0,6,0.333333333,8,18,3.0,63
1383,Jarvis,Hayes,27,2008,NJN,SF,74,1,1832,24.75675676,257,577,0.445407279,94,244,0.385245902,163,333,0.489489489,36,52,0.692307692,27,240,54,52,7,49,1.102040816,162,644,8.702702703,63
1384,Peja,Stojakovic,31,2008,NOH,SF,61,59,2089,34.24590164,287,719,0.399165508,145,384,0.377604167,142,335,0.423880597,93,104,0.894230769,44,220,75,52,3,51,1.470588235,101,812,13.31147541,62
1385,Quentin,Richardson,28,2008,NYK,SG,72,51,1894,26.30555556,262,667,0.392803598,120,329,0.364741641,142,338,0.420118343,89,117,0.760683761,71,248,117,47,7,74,1.581081081,132,733,10.18055556,62
1386,Rasual,Butler,29,2008,NOH,SF,82,74,2614,31.87804878,348,803,0.433374844,140,359,0.389972145,208,444,0.468468468,86,110,0.781818182,49,222,75,51,61,59,1.271186441,159,922,11.24390244,61
1387,Kyle,Korver,27,2008,UTA,SF,78,2,1874,24.02564103,245,560,0.4375,103,267,0.38576779,142,293,0.484641638,112,127,0.881889764,35,223,137,47,30,90,1.522222222,170,705,9.038461538,61
1388,Trenton,Hassell,29,2008,NJN,SF,53,31,1094,20.64150943,86,191,0.45026178,2,8,0.25,84,183,0.459016393,20,25,0.8,50,96,51,21,16,30,1.7,92,194,3.660377358,61
1389,Devean,George,31,2008,DAL,SF,43,17,708,16.46511628,54,142,0.38028169,22,76,0.289473684,32,66,0.484848485,17,22,0.772727273,25,53,15,23,11,17,0.882352941,57,147,3.418604651,61
1390,Tim,Thomas,31,2008,CHI,PF,64,6,1247,19.484375,189,438,0.431506849,78,189,0.412698413,111,249,0.445783133,89,121,0.73553719,42,159,68,31,11,70,0.971428571,144,545,8.515625,60
1391,Alando,Tucker,24,2008,PHO,SG,30,1,282,9.4,52,121,0.429752066,8,23,0.347826087,44,98,0.448979592,26,33,0.787878788,19,12,12,5,1,14,0.857142857,14,138,4.6,60
1392,Jason,Kapono,27,2008,TOR,SG,80,12,1831,22.8875,261,604,0.432119205,98,229,0.427947598,163,375,0.434666667,34,42,0.80952381,26,137,105,22,3,70,1.5,144,654,8.175,59
1393,James,Jones,28,2008,MIA,SF,40,1,630,15.75,55,149,0.369127517,33,96,0.34375,22,53,0.41509434,26,31,0.838709677,12,50,20,12,14,12,1.666666667,58,169,4.225,58
1394,Danilo,Gallinari,20,2008,NYK,SG,28,2,412,14.71428571,56,125,0.448,32,72,0.444444444,24,53,0.452830189,26,27,0.962962963,13,42,15,14,4,15,1.0,48,170,6.071428571,56
1395,Donte,Greene,20,2008,SAC,SF,55,4,725,13.18181818,77,236,0.326271186,26,100,0.26,51,136,0.375,29,34,0.852941176,19,67,30,16,14,37,0.810810811,68,209,3.8,55
1396,Adam,Morrison,24,2008,LAL,SF,52,5,711,13.67307692,80,223,0.358744395,32,96,0.333333333,48,127,0.377952756,17,23,0.739130435,18,62,41,9,4,32,1.28125,77,209,4.019230769,55
1397,Kevin,Garnett,32,2008,BOS,PF,57,57,1772,31.0877193,393,740,0.531081081,2,8,0.25,391,732,0.534153005,111,132,0.840909091,78,407,144,63,68,90,1.6,128,899,15.77192982,89
1398,Tim,Duncan,32,2008,SAS,C,75,75,2524,33.65333333,558,1107,0.504065041,0,2,0.0,558,1105,0.504977376,334,483,0.691511387,201,599,264,38,126,165,1.6,173,1450,19.33333333,88
1399,Al,Jefferson,24,2008,MIN,C,50,50,1836,36.72,485,975,0.497435897,0,4,0.0,485,971,0.499485067,186,252,0.738095238,172,376,79,39,83,92,0.858695652,141,1156,23.12,84
1400,Chris,Bosh,24,2008,TOR,C,77,77,2928,38.02597403,615,1263,0.486935867,12,49,0.244897959,603,1214,0.496705107,504,617,0.816855754,215,556,191,67,77,174,1.097701149,189,1746,22.67532468,84
1401,Pau,Gasol,28,2008,LAL,C,81,81,2999,37.02469136,592,1045,0.566507177,1,2,0.5,591,1043,0.566634708,343,439,0.781321185,262,518,284,52,81,157,1.808917197,172,1528,18.86419753,84
1402,Carlos,Boozer,27,2008,UTA,PF,37,37,1197,32.35135135,251,512,0.490234375,0,0,0.0,251,512,0.490234375,97,139,0.697841727,111,274,79,39,7,79,1.0,132,599,16.18918919,84
1403,Dirk,Nowitzki,30,2008,DAL,PF,81,81,3050,37.65432099,774,1616,0.478960396,61,170,0.358823529,713,1446,0.493084371,485,545,0.889908257,88,593,197,61,63,157,1.25477707,176,2094,25.85185185,83
1404,Emeka,Okafor,26,2008,CHA,C,82,81,2691,32.81707317,433,772,0.560880829,0,0,0.0,433,772,0.560880829,219,369,0.593495935,275,552,53,48,136,144,0.368055556,247,1085,13.23170732,79
1405,David,West,28,2008,NOH,PF,76,76,2982,39.23684211,610,1292,0.472136223,6,25,0.24,604,1267,0.476716654,367,415,0.884337349,160,486,173,49,68,163,1.061349693,207,1593,20.96052632,78
1406,LaMarcus,Aldridge,23,2008,POR,PF,81,81,3004,37.08641975,601,1243,0.483507643,7,28,0.25,594,1215,0.488888889,261,334,0.781437126,234,371,157,77,77,121,1.297520661,207,1470,18.14814815,77
1407,Josh,Smith,23,2008,ATL,PF,69,69,2421,35.08695652,418,849,0.492343934,26,87,0.298850575,392,762,0.514435696,211,359,0.587743733,134,364,169,94,111,161,1.049689441,184,1073,15.55072464,77
1408,David,Lee,25,2008,NYK,C,81,74,2824,34.86419753,522,951,0.548895899,0,3,0.0,522,948,0.550632911,249,330,0.754545455,256,695,174,80,22,150,1.16,260,1293,15.96296296,77
1409,Elton,Brand,29,2008,PHI,PF,29,23,920,31.72413793,163,365,0.446575342,0,0,0.0,163,365,0.446575342,73,108,0.675925926,77,177,37,17,45,68,0.544117647,78,399,13.75862069,77
1410,Zach,Randolph,27,2008,LAC,PF,50,45,1757,35.14,415,873,0.475372279,32,97,0.329896907,383,776,0.493556701,179,244,0.733606557,157,347,103,43,16,114,0.903508772,133,1041,20.82,76
1411,Antawn,Jamison,32,2008,WAS,PF,81,81,3096,38.22222222,674,1441,0.467730743,112,319,0.351097179,562,1122,0.500891266,341,452,0.754424779,196,525,153,95,25,125,1.224,218,1801,22.2345679,75
1412,Al,Harrington,28,2008,NYK,PF,73,56,2546,34.87671233,532,1212,0.438943894,171,470,0.363829787,361,742,0.486522911,234,295,0.793220339,99,356,102,88,22,161,0.633540373,227,1469,20.12328767,75
1413,Kenyon,Martin,31,2008,DEN,PF,66,66,2111,31.98484848,318,648,0.490740741,14,38,0.368421053,304,610,0.498360656,119,197,0.604060914,81,314,132,96,74,104,1.269230769,201,769,11.65151515,74
1414,Troy,Murphy,28,2008,IND,PF,73,73,2482,34.0,364,767,0.474576271,161,358,0.44972067,203,409,0.496332518,152,184,0.826086957,146,715,172,58,34,114,1.50877193,226,1041,14.26027397,74
1415,Rasheed,Wallace,34,2008,DET,C,66,63,2123,32.16666667,302,720,0.419444444,113,319,0.354231975,189,401,0.471321696,78,101,0.772277228,56,434,91,62,86,59,1.542372881,197,795,12.04545455,74
1416,Paul,Millsap,23,2008,UTA,PF,76,38,2290,30.13157895,400,749,0.534045394,0,4,0.0,400,745,0.536912752,228,326,0.699386503,251,403,138,78,73,129,1.069767442,288,1028,13.52631579,74
1417,Luis,Scola,28,2008,HOU,PF,82,82,2488,30.34146341,424,799,0.530663329,0,3,0.0,424,796,0.532663317,196,258,0.759689922,200,520,123,68,11,123,1.0,261,1044,12.73170732,73
1418,Boris,Diaw,26,2008,CHA,PF,81,59,2754,34.0,448,884,0.50678733,75,181,0.414364641,373,703,0.530583215,101,147,0.68707483,118,314,333,61,53,215,1.548837209,202,1072,13.2345679,72
1419,Charlie,Villanueva,24,2008,MIL,PF,78,47,2095,26.85897436,487,1089,0.447199265,89,258,0.34496124,398,831,0.478941035,201,240,0.8375,154,366,137,50,56,138,0.992753623,254,1264,16.20512821,72
1420,Kevin,Love,20,2008,MIN,C,81,37,2048,25.28395062,316,688,0.459302326,2,19,0.105263158,314,669,0.46935725,265,336,0.788690476,274,460,84,35,50,118,0.711864407,205,899,11.09876543,72
1421,Ben,Wallace,34,2008,CLE,PF,56,53,1314,23.46428571,69,155,0.44516129,0,0,0.0,69,155,0.44516129,27,64,0.421875,136,226,44,48,75,34,1.294117647,82,165,2.946428571,71
1422,Udonis,Haslem,28,2008,MIA,PF,75,75,2560,34.13333333,333,643,0.517884914,0,0,0.0,333,643,0.517884914,128,170,0.752941176,169,449,85,43,25,82,1.036585366,204,794,10.58666667,70
1423,Andrea,Bargnani,23,2008,TOR,PF,78,59,2453,31.44871795,431,958,0.449895616,119,291,0.408934708,312,667,0.467766117,221,266,0.830827068,70,346,94,34,97,135,0.696296296,242,1202,15.41025641,69
1424,Jason,Maxiell,25,2008,DET,C,78,4,1408,18.05128205,184,320,0.575,0,1,0.0,184,319,0.576802508,84,158,0.53164557,169,155,24,25,63,45,0.533333333,157,452,5.794871795,69
1425,Antonio,McDyess,34,2008,DET,PF,62,30,1866,30.09677419,268,525,0.51047619,0,0,0.0,268,525,0.51047619,60,86,0.697674419,185,422,83,41,50,51,1.62745098,191,596,9.612903226,68
1426,Tyrus,Thomas,22,2008,CHI,PF,79,61,2175,27.53164557,308,683,0.450951684,3,9,0.333333333,305,674,0.452522255,238,304,0.782894737,148,360,77,91,151,129,0.596899225,220,857,10.84810127,68
1427,Brandon,Bass,23,2008,DAL,C,81,0,1574,19.43209877,252,508,0.496062992,0,6,0.0,252,502,0.501992032,182,210,0.866666667,129,238,43,27,55,86,0.5,140,686,8.469135802,68
1428,Carl,Landry,25,2008,HOU,PF,69,0,1467,21.26086957,240,418,0.574162679,1,3,0.333333333,239,415,0.575903614,157,193,0.813471503,124,219,39,26,31,68,0.573529412,166,638,9.246376812,68
1429,Ronny,Turiaf,26,2008,GSW,C,79,26,1696,21.46835443,186,366,0.508196721,0,3,0.0,186,363,0.512396694,98,124,0.790322581,88,272,166,34,168,70,2.371428571,243,470,5.949367089,67
1430,Marcin,Gortat,24,2008,ORL,PF,63,3,794,12.6031746,106,187,0.56684492,1,1,1.0,105,186,0.564516129,26,45,0.577777778,96,190,14,18,53,25,0.56,111,239,3.793650794,67
1431,Marreese,Speights,21,2008,PHI,C,79,2,1263,15.98734177,252,502,0.501992032,2,8,0.25,250,494,0.506072874,102,132,0.772727273,123,170,30,27,56,46,0.652173913,181,608,7.696202532,67
1432,Jason,Thompson,22,2008,SAC,PF,82,56,2303,28.08536585,356,717,0.49651325,0,8,0.0,356,709,0.502115656,198,286,0.692307692,234,372,93,46,59,146,0.636986301,314,910,11.09756098,66
1433,Leon,Powe,25,2008,BOS,PF,70,7,1227,17.52857143,177,338,0.523668639,0,0,0.0,177,338,0.523668639,184,267,0.689138577,145,200,46,24,38,76,0.605263158,192,538,7.685714286,66
1434,Drew,Gooden,27,2008,SAS,PF,51,28,1264,24.78431373,237,506,0.468379447,0,4,0.0,237,502,0.472111554,131,156,0.83974359,113,249,48,30,18,76,0.631578947,144,605,11.8627451,66
1435,Glen,Davis,23,2008,BOS,C,76,16,1637,21.53947368,199,450,0.442222222,2,5,0.4,197,445,0.442696629,130,178,0.730337079,121,180,69,53,19,71,0.971830986,230,530,6.973684211,65
1436,Brandan,Wright,21,2008,GSW,PF,39,23,688,17.64102564,130,246,0.528455285,0,4,0.0,130,242,0.537190083,63,85,0.741176471,62,95,21,22,37,23,0.913043478,74,323,8.282051282,65
1437,Darrell,Arthur,20,2008,MEM,PF,76,64,1464,19.26315789,191,436,0.438073394,0,2,0.0,191,434,0.440092166,40,60,0.666666667,108,238,43,52,52,47,0.914893617,206,422,5.552631579,65
1438,Hakim,Warrick,26,2008,MEM,PF,82,7,2029,24.74390244,340,693,0.490620491,5,23,0.217391304,335,670,0.5,266,374,0.711229947,129,277,66,48,39,98,0.673469388,170,951,11.59756098,64
1439,Joe,Smith,33,2008,CLE,C,57,3,1102,19.33333333,156,333,0.468468468,3,7,0.428571429,153,326,0.469325153,59,82,0.719512195,89,174,41,17,40,25,1.64,122,374,6.561403509,64
1440,Pops,Mensah-Bonsu,25,2008,TOR,PF,22,0,283,12.86363636,39,103,0.378640777,0,2,0.0,39,101,0.386138614,33,48,0.6875,55,58,6,9,5,19,0.315789474,43,111,5.045454545,64
1441,Josh,Powell,26,2008,LAL,PF,60,1,703,11.71666667,106,239,0.443514644,0,0,0.0,106,239,0.443514644,38,50,0.76,71,105,27,9,17,51,0.529411765,98,250,4.166666667,64
1442,Sean,Williams,22,2008,NJN,PF,33,0,366,11.09090909,30,72,0.416666667,0,0,0.0,30,72,0.416666667,20,32,0.625,34,45,13,7,29,20,0.65,72,80,2.424242424,64
1443,Amir,Johnson,21,2008,DET,PF,62,24,911,14.69354839,97,163,0.595092025,0,0,0.0,97,163,0.595092025,23,35,0.657142857,102,130,20,20,60,33,0.606060606,171,217,3.5,63
1444,Nick,Collison,28,2008,OKC,C,71,40,1831,25.78873239,243,428,0.567757009,0,2,0.0,243,426,0.570422535,98,136,0.720588235,181,308,66,51,50,73,0.904109589,239,584,8.225352113,63
1445,D.J.,White,22,2008,OKC,PF,7,0,130,18.57142857,26,50,0.52,0,0,0.0,26,50,0.52,10,13,0.769230769,10,22,6,3,5,3,2.0,10,62,8.857142857,63
1446,Craig,Smith,25,2008,MIN,PF,74,31,1460,19.72972973,289,514,0.562256809,0,1,0.0,289,513,0.563352827,168,248,0.677419355,98,186,79,31,19,105,0.752380952,184,746,10.08108108,62
1447,Chuck,Hayes,25,2008,HOU,C,71,1,858,12.08450704,42,113,0.371681416,0,4,0.0,42,109,0.385321101,7,19,0.368421053,74,176,42,34,19,25,1.68,134,91,1.281690141,62
1448,J.J.,Hickson,20,2008,CLE,C,62,0,705,11.37096774,100,194,0.515463918,0,0,0.0,100,194,0.515463918,45,67,0.671641791,52,113,9,14,30,45,0.2,81,245,3.951612903,61
1449,Darius,Songaila,30,2008,WAS,C,77,29,1521,19.75324675,243,457,0.531728665,0,1,0.0,243,456,0.532894737,80,90,0.888888889,75,152,94,64,20,74,1.27027027,200,566,7.350649351,61
1450,Eduardo,Najera,32,2008,NJN,PF,27,0,319,11.81481481,33,74,0.445945946,5,25,0.2,28,49,0.571428571,8,22,0.363636364,17,50,19,10,4,18,1.055555556,50,79,2.925925926,61
1451,Shelden,Williams,25,2008,MIN,PF,45,0,512,11.37777778,70,157,0.445859873,0,2,0.0,70,155,0.451612903,46,63,0.73015873,49,104,12,22,18,34,0.352941176,64,186,4.133333333,60
1452,Channing,Frye,25,2008,POR,PF,63,1,746,11.84126984,113,267,0.423220974,11,33,0.333333333,102,234,0.435897436,26,36,0.722222222,41,99,24,17,16,29,0.827586207,106,263,4.174603175,60
1453,Ryan,Anderson,20,2008,NJN,PF,66,30,1312,19.87878788,160,407,0.393120393,69,189,0.365079365,91,218,0.417431193,98,116,0.844827586,104,207,52,44,20,63,0.825396825,157,487,7.378787879,59
1454,Jared,Jeffries,27,2008,NYK,SF,56,36,1310,23.39285714,120,273,0.43956044,1,12,0.083333333,119,261,0.455938697,55,90,0.611111111,128,103,80,47,33,65,1.230769231,153,296,5.285714286,59
1455,Kenny,Thomas,31,2008,SAC,PF,8,0,62,7.75,3,8,0.375,0,0,0.0,3,8,0.375,0,0,0.0,4,11,1,6,1,1,1.0,9,6,0.75,59
1456,Nathan,Jawai,22,2008,TOR,PF,6,0,19,3.166666667,1,4,0.25,0,0,0.0,1,4,0.25,0,0,0.0,1,1,0,0,0,2,0.0,3,2,0.333333333,59
1457,Kris,Humphries,23,2008,TOR,SF,29,0,265,9.137931034,38,90,0.422222222,0,0,0.0,38,90,0.422222222,38,48,0.791666667,24,46,10,8,6,8,1.25,31,114,3.931034483,59
1458,Malik,Allen,30,2008,MIL,PF,49,3,579,11.81632653,73,170,0.429411765,0,1,0.0,73,169,0.431952663,10,21,0.476190476,35,68,35,7,12,20,1.75,89,156,3.183673469,59
1459,Reggie,Evans,28,2008,PHI,PF,79,7,1137,14.39240506,79,178,0.443820225,0,1,0.0,79,177,0.446327684,104,175,0.594285714,135,226,26,41,8,69,0.376811594,161,262,3.316455696,57
1460,Sean,May,24,2008,CHA,PF,24,12,301,12.54166667,39,98,0.397959184,1,1,1.0,38,97,0.391752577,14,20,0.7,20,49,10,5,4,26,0.384615385,32,93,3.875,57
1461,Ike,Diogu,25,2008,SAC,PF,29,1,215,7.413793103,39,74,0.527027027,1,2,0.5,38,72,0.527777778,40,53,0.754716981,26,30,3,3,3,12,0.25,23,119,4.103448276,57
1462,Josh,McRoberts,21,2008,IND,PF,33,0,279,8.454545455,35,83,0.421686747,0,10,0.0,35,73,0.479452055,10,13,0.769230769,26,48,16,12,16,12,1.333333333,41,80,2.424242424,55
1463,Vladimir,Radmanovic,28,2008,CHA,SF,78,31,1445,18.52564103,196,466,0.420600858,105,262,0.400763359,91,204,0.446078431,43,58,0.74137931,45,177,81,46,15,98,0.826530612,111,540,6.923076923,54
1464,Dwight,Howard,23,2008,ORL,C,79,79,2821,35.70886076,560,979,0.572012257,0,2,0.0,560,977,0.573183214,504,849,0.593639576,336,757,112,77,231,240,0.466666667,270,1624,20.55696203,89
1465,Yao,Ming,28,2008,HOU,C,77,77,2589,33.62337662,566,1032,0.548449612,1,1,1.0,565,1031,0.548011639,381,440,0.865909091,204,557,137,30,150,234,0.585470085,257,1514,19.66233766,83
1466,Brook,Lopez,20,2008,NJN,C,82,75,2501,30.5,448,844,0.530805687,0,2,0.0,448,842,0.532066508,172,217,0.792626728,225,440,86,44,151,147,0.585034014,257,1068,13.02439024,77
1467,Al,Horford,22,2008,ATL,C,67,67,2242,33.46268657,312,594,0.525252525,0,1,0.0,312,593,0.52613828,149,205,0.726829268,145,479,163,53,95,103,1.582524272,190,773,11.53731343,76
1468,Andris,Biedrins,22,2008,GSW,C,62,58,1863,30.0483871,308,533,0.577861163,0,1,0.0,308,532,0.578947368,119,216,0.550925926,223,470,121,63,96,110,1.1,236,735,11.85483871,74
1469,Andrew,Bynum,21,2008,LAL,C,50,50,1446,28.92,281,502,0.559760956,0,0,0.0,281,502,0.559760956,152,215,0.706976744,137,261,71,18,90,85,0.835294118,157,714,14.28,74
1470,Marcus,Camby,34,2008,LAC,C,62,55,1925,31.0483871,254,496,0.512096774,1,4,0.25,253,492,0.514227642,132,182,0.725274725,161,529,127,51,132,93,1.365591398,129,641,10.33870968,74
1471,Greg,Oden,21,2008,POR,C,61,39,1314,21.54098361,198,351,0.564102564,0,0,0.0,198,351,0.564102564,144,226,0.637168142,169,255,31,25,69,87,0.356321839,238,540,8.852459016,74
1472,Zydrunas,Ilgauskas,33,2008,CLE,C,65,65,1765,27.15384615,342,724,0.472375691,15,39,0.384615385,327,685,0.477372263,139,174,0.798850575,157,333,64,28,84,90,0.711111111,183,838,12.89230769,73
1473,Chris,Kaman,26,2008,LAC,C,31,24,921,29.70967742,161,305,0.527868852,0,0,0.0,161,305,0.527868852,51,75,0.68,75,172,46,17,45,84,0.547619048,93,373,12.03225806,72
1474,Kendrick,Perkins,24,2008,BOS,C,76,76,2253,29.64473684,276,478,0.577405858,0,2,0.0,276,476,0.579831933,96,160,0.6,204,415,96,22,150,165,0.581818182,253,648,8.526315789,72
1475,Samuel,Dalembert,27,2008,PHI,C,82,82,2036,24.82926829,216,434,0.497695853,0,2,0.0,216,432,0.5,91,124,0.733870968,214,487,18,33,146,117,0.153846154,248,523,6.37804878,71
1476,Mehmet,Okur,29,2008,UTA,C,72,72,2409,33.45833333,431,888,0.48536036,90,202,0.445544554,341,686,0.497084548,273,334,0.817365269,124,433,120,54,53,132,0.909090909,219,1225,17.01388889,71
1477,Marc,Gasol,24,2008,MEM,C,82,75,2521,30.74390244,350,661,0.529500756,0,1,0.0,350,660,0.53030303,275,375,0.733333333,201,404,143,63,90,164,0.87195122,265,975,11.8902439,71
1478,Andrew,Bogut,24,2008,MIL,C,36,33,1124,31.22222222,183,317,0.577287066,0,0,0.0,183,317,0.577287066,56,98,0.571428571,117,252,72,23,37,86,0.837209302,130,422,11.72222222,71
1479,Kurt,Thomas,36,2008,SAS,PF,79,10,1404,17.7721519,153,304,0.503289474,0,2,0.0,153,302,0.506622517,37,45,0.822222222,134,271,66,34,58,42,1.571428571,170,343,4.341772152,71
1480,Tyson,Chandler,26,2008,NOH,C,45,45,1445,32.11111111,160,283,0.565371025,0,0,0.0,160,283,0.565371025,77,133,0.578947368,163,230,22,15,56,70,0.314285714,144,397,8.822222222,70
1481,Anderson,Varejao,26,2008,CLE,PF,81,42,2306,28.4691358,270,504,0.535714286,0,2,0.0,270,502,0.537848606,154,250,0.616,166,415,81,75,66,80,1.0125,239,694,8.567901235,67
1482,Chris,Andersen,30,2008,DEN,C,71,1,1460,20.56338028,160,292,0.547945205,2,10,0.2,158,282,0.560283688,130,181,0.718232044,163,279,31,41,175,69,0.449275362,174,452,6.366197183,67
1483,Joakim,Noah,23,2008,CHI,C,80,55,1938,24.225,207,372,0.556451613,0,1,0.0,207,371,0.557951482,123,182,0.675824176,244,362,106,49,110,82,1.292682927,238,537,6.7125,66
1484,Zaza,Pachulia,24,2008,ATL,C,77,26,1473,19.12987013,159,320,0.496875,0,3,0.0,159,317,0.501577287,163,230,0.708695652,173,263,57,35,26,91,0.626373626,208,481,6.246753247,66
1485,Joel,Przybilla,29,2008,POR,C,82,43,1952,23.80487805,168,269,0.624535316,0,1,0.0,168,268,0.626865672,112,169,0.662721893,204,513,27,34,97,78,0.346153846,215,448,5.463414634,65
1486,Brad,Miller,32,2008,CHI,C,70,43,2100,30.0,292,614,0.475570033,23,56,0.410714286,269,558,0.482078853,224,272,0.823529412,150,395,234,52,36,130,1.8,223,831,11.87142857,65
1487,Jeff,Foster,32,2008,IND,C,74,26,1828,24.7027027,177,353,0.501416431,2,7,0.285714286,175,346,0.505780347,96,146,0.657534247,215,293,130,53,49,88,1.477272727,229,452,6.108108108,65
1488,Eddy,Curry,26,2008,NYK,C,3,0,12,4.0,2,2,1.0,0,0,0.0,2,2,1.0,1,3,0.333333333,0,4,0,0,0,2,0.0,5,5,1.666666667,65
1489,Roy,Hibbert,22,2008,IND,C,70,42,1009,14.41428571,198,420,0.471428571,0,0,0.0,198,420,0.471428571,98,147,0.666666667,115,128,49,20,76,55,0.890909091,215,494,7.057142857,64
1490,Spencer,Hawes,20,2008,SAC,C,77,51,2259,29.33766234,373,800,0.46625,40,115,0.347826087,333,685,0.486131387,90,136,0.661764706,148,401,149,44,93,160,0.93125,249,876,11.37662338,64
1491,Chris,Wilcox,26,2008,NYK,C,62,6,1049,16.91935484,184,370,0.497297297,0,4,0.0,184,366,0.50273224,79,140,0.564285714,96,181,47,26,16,75,0.626666667,137,447,7.209677419,63
1492,Francisco,Elson,32,2008,MIL,C,59,23,977,16.55932203,83,169,0.49112426,1,4,0.25,82,165,0.496969697,33,39,0.846153846,100,129,32,36,36,48,0.666666667,144,200,3.389830508,62
1493,Etan,Thomas,30,2008,WAS,C,26,7,306,11.76923077,32,66,0.484848485,0,0,0.0,32,66,0.484848485,16,23,0.695652174,25,41,6,3,18,18,0.333333333,35,80,3.076923077,62
1494,Andray,Blatche,22,2008,WAS,C,71,36,1703,23.98591549,297,630,0.471428571,5,21,0.238095238,292,609,0.479474548,114,162,0.703703704,126,252,118,53,74,117,1.008547009,211,713,10.04225352,62
1495,Fabricio,Oberto,33,2008,SAS,C,54,11,677,12.53703704,61,104,0.586538462,0,1,0.0,61,103,0.59223301,20,35,0.571428571,65,77,59,7,11,38,1.552631579,95,142,2.62962963,62
1496,Jamaal,Magloire,30,2008,MIA,C,55,12,709,12.89090909,65,131,0.496183206,0,0,0.0,65,131,0.496183206,29,60,0.483333333,82,140,22,11,25,32,0.6875,121,159,2.890909091,61
1497,Nazr,Mohammed,31,2008,CHA,C,39,1,341,8.743589744,41,101,0.405940594,0,0,0.0,41,101,0.405940594,22,40,0.55,35,44,8,5,16,23,0.347826087,63,104,2.666666667,61
1498,Erick,Dampier,33,2008,DAL,C,80,80,1836,22.95,182,280,0.65,0,0,0.0,182,280,0.65,90,141,0.638297872,216,349,77,24,95,74,1.040540541,191,454,5.675,61
1499,Rasho,Nesterovic,32,2008,IND,C,70,19,1214,17.34285714,224,437,0.512585812,0,1,0.0,224,436,0.513761468,25,32,0.78125,93,147,109,30,38,63,1.73015873,171,473,6.757142857,60
1500,Nenad,Krstic,25,2008,OKC,C,46,29,1141,24.80434783,191,407,0.469287469,0,0,0.0,191,407,0.469287469,63,79,0.797468354,85,168,29,21,49,45,0.644444444,114,445,9.673913043,60
1501,Kosta,Koufos,19,2008,UTA,C,48,7,565,11.77083333,94,185,0.508108108,0,0,0.0,94,185,0.508108108,36,51,0.705882353,50,88,20,12,31,26,0.769230769,70,224,4.666666667,60
1502,Brendan,Haywood,29,2008,WAS,C,6,5,175,29.16666667,24,50,0.48,0,0,0.0,24,50,0.48,10,21,0.476190476,13,31,8,4,15,9,0.888888889,14,58,9.666666667,60
1503,Theo,Ratliff,35,2008,PHI,C,46,0,579,12.58695652,34,64,0.53125,0,0,0.0,34,64,0.53125,21,35,0.6,46,82,9,17,47,14,0.642857143,77,89,1.934782609,59
1504,Matt,Bonner,28,2008,SAS,PF,81,67,1928,23.80246914,266,536,0.496268657,118,268,0.440298507,148,268,0.552238806,17,23,0.739130435,97,289,82,47,26,37,2.216216216,190,667,8.234567901,58
1505,Darko,Milicic,23,2008,MEM,C,61,15,1034,16.95081967,137,266,0.515037594,0,0,0.0,137,266,0.515037594,59,105,0.561904762,83,181,34,22,51,48,0.708333333,134,333,5.459016393,58
1506,Joel,Anthony,26,2008,MIA,C,65,28,1048,16.12307692,57,118,0.483050847,0,0,0.0,57,118,0.483050847,30,46,0.652173913,89,108,27,20,93,41,0.658536585,139,144,2.215384615,58
1507,DeSagana,Diop,27,2008,CHA,C,75,1,1036,13.81333333,74,171,0.432748538,0,0,0.0,74,171,0.432748538,22,66,0.333333333,114,159,32,29,56,39,0.820512821,128,170,2.266666667,57
1508,DeAndre,Jordan,20,2008,LAC,C,53,13,771,14.54716981,93,147,0.632653061,0,0,0.0,93,147,0.632653061,42,109,0.385321101,72,165,11,11,59,41,0.268292683,96,228,4.301886792,56
1509,Hamed,Haddadi,23,2008,MEM,C,19,0,120,6.315789474,15,31,0.483870968,0,0,0.0,15,31,0.483870968,18,30,0.6,16,31,8,1,12,9,0.888888889,20,48,2.526315789,55
1510,Mark,Blount,33,2008,MIA,C,20,0,207,10.35,30,78,0.384615385,11,27,0.407407407,19,51,0.37254902,8,13,0.615384615,10,31,4,1,7,14,0.285714286,17,79,3.95,54
1511,Ryan,Hollins,24,2008,DAL,C,45,3,444,9.866666667,50,94,0.531914894,0,0,0.0,50,94,0.531914894,43,72,0.597222222,46,51,7,7,32,24,0.291666667,78,143,3.177777778,54
1512,Randolph,Morris,23,2008,ATL,C,23,0,89,3.869565217,7,17,0.411764706,0,0,0.0,7,17,0.411764706,4,4,1.0,4,16,2,2,1,7,0.285714286,25,18,0.782608696,49
1513,Jerome,James,33,2008,NYK,C,2,0,10,5.0,3,8,0.375,0,0,0.0,3,8,0.375,0,0,0.0,1,2,0,1,1,1,0.0,2,6,3.0,42
